"province","date","n"
1,0,NA
1,1,NA
1,2,NA
1,3,NA
1,4,NA
1,5,NA
1,6,NA
1,7,NA
1,8,NA
1,9,NA
1,10,NA
1,11,NA
1,12,NA
1,13,NA
1,14,NA
1,15,NA
1,16,NA
1,17,NA
1,18,NA
1,19,NA
1,20,NA
1,21,NA
1,22,NA
1,23,NA
1,24,NA
1,25,NA
1,26,NA
1,27,NA
1,28,NA
1,29,NA
1,30,NA
1,31,NA
1,32,NA
1,33,NA
1,34,NA
1,35,NA
1,36,NA
1,37,NA
1,38,NA
1,39,NA
1,40,NA
1,41,NA
1,42,NA
1,43,NA
1,44,NA
1,45,NA
1,46,NA
1,47,NA
1,48,NA
1,49,NA
1,50,NA
1,51,NA
1,52,NA
1,53,NA
1,54,NA
1,55,NA
1,56,NA
1,57,NA
1,58,NA
1,59,NA
1,60,NA
1,61,NA
1,62,NA
1,63,NA
1,64,NA
1,65,NA
1,66,NA
1,67,NA
1,68,NA
1,69,NA
1,70,NA
1,71,NA
1,72,NA
1,73,NA
1,74,NA
1,75,NA
1,76,NA
1,77,NA
1,78,NA
1,79,NA
1,80,NA
1,81,NA
1,82,NA
1,83,0
1,84,105
1,85,212
1,86,297
1,87,365
1,88,2131
1,89,0
1,90,1349
1,91,903
1,92,1347
1,93,4024
1,94,2345
1,95,3156
1,96,2987
1,97,2447
1,98,2841
1,99,2147
1,100,2531
1,101,2097
1,102,1638
1,103,0
1,104,14840
1,105,6200
1,106,1843
1,107,1933
1,108,1807
1,109,1693
1,110,349
1,111,411
1,112,220
1,113,1422
1,114,0
1,115,203
1,116,499
1,117,401
1,118,409
1,119,318
1,120,423
1,121,570
1,122,196
1,123,114
2,0,NA
2,1,NA
2,2,NA
2,3,NA
2,4,NA
2,5,NA
2,6,NA
2,7,NA
2,8,NA
2,9,NA
2,10,NA
2,11,NA
2,12,NA
2,13,NA
2,14,NA
2,15,NA
2,16,NA
2,17,NA
2,18,NA
2,19,NA
2,20,NA
2,21,NA
2,22,NA
2,23,NA
2,24,NA
2,25,NA
2,26,NA
2,27,NA
2,28,NA
2,29,NA
2,30,NA
2,31,NA
2,32,NA
2,33,NA
2,34,NA
2,35,NA
2,36,NA
2,37,NA
2,38,NA
2,39,NA
2,40,NA
2,41,NA
2,42,NA
2,43,NA
2,44,NA
2,45,NA
2,46,NA
2,47,NA
2,48,NA
2,49,NA
2,50,NA
2,51,NA
2,52,NA
2,53,NA
2,54,NA
2,55,NA
2,56,NA
2,57,NA
2,58,NA
2,59,NA
2,60,NA
2,61,NA
2,62,NA
2,63,NA
2,64,NA
2,65,NA
2,66,NA
2,67,NA
2,68,NA
2,69,NA
2,70,NA
2,71,NA
2,72,NA
2,73,NA
2,74,NA
2,75,NA
2,76,NA
2,77,NA
2,78,NA
2,79,NA
2,80,NA
2,81,NA
2,82,NA
2,83,0
2,84,4
2,85,23
2,86,51
2,87,45
2,88,40
2,89,38
2,90,72
2,91,74
2,92,70
2,93,71
2,94,73
2,95,109
2,96,89
2,97,87
2,98,63
2,99,67
2,100,52
2,101,40
2,102,32
2,103,30
2,104,34
2,105,15
2,106,28
2,107,19
2,108,15
2,109,11
2,110,5
2,111,3
2,112,2
2,113,3
2,114,1
2,115,0
2,116,0
2,117,0
2,118,1
2,119,0
2,120,0
2,121,0
2,122,0
2,123,0
3,0,NA
3,1,NA
3,2,NA
3,3,NA
3,4,NA
3,5,NA
3,6,NA
3,7,NA
3,8,NA
3,9,NA
3,10,NA
3,11,NA
3,12,NA
3,13,NA
3,14,NA
3,15,NA
3,16,NA
3,17,NA
3,18,NA
3,19,NA
3,20,NA
3,21,NA
3,22,NA
3,23,NA
3,24,NA
3,25,NA
3,26,NA
3,27,NA
3,28,NA
3,29,NA
3,30,NA
3,31,NA
3,32,NA
3,33,NA
3,34,NA
3,35,NA
3,36,NA
3,37,NA
3,38,NA
3,39,NA
3,40,NA
3,41,NA
3,42,NA
3,43,NA
3,44,NA
3,45,NA
3,46,NA
3,47,NA
3,48,NA
3,49,NA
3,50,NA
3,51,NA
3,52,NA
3,53,NA
3,54,NA
3,55,NA
3,56,NA
3,57,NA
3,58,NA
3,59,NA
3,60,NA
3,61,NA
3,62,NA
3,63,NA
3,64,NA
3,65,NA
3,66,NA
3,67,NA
3,68,NA
3,69,NA
3,70,NA
3,71,NA
3,72,NA
3,73,NA
3,74,NA
3,75,NA
3,76,NA
3,77,NA
3,78,NA
3,79,NA
3,80,NA
3,81,NA
3,82,NA
3,83,6
3,84,21
3,85,25
3,86,33
3,87,40
3,88,56
3,89,70
3,90,77
3,91,82
3,92,99
3,93,97
3,94,93
3,95,88
3,96,82
3,97,75
3,98,64
3,99,61
3,100,36
3,101,28
3,102,18
3,103,42
3,104,22
3,105,20
3,106,33
3,107,22
3,108,6
3,109,6
3,110,3
3,111,1
3,112,1
3,113,6
3,114,3
3,115,3
3,116,2
3,117,0
3,118,0
3,119,1
3,120,1
3,121,0
3,122,1
3,123,0
4,0,NA
4,1,NA
4,2,NA
4,3,NA
4,4,NA
4,5,NA
4,6,NA
4,7,NA
4,8,NA
4,9,NA
4,10,NA
4,11,NA
4,12,NA
4,13,NA
4,14,NA
4,15,NA
4,16,NA
4,17,NA
4,18,NA
4,19,NA
4,20,NA
4,21,NA
4,22,NA
4,23,NA
4,24,NA
4,25,NA
4,26,NA
4,27,NA
4,28,NA
4,29,NA
4,30,NA
4,31,NA
4,32,NA
4,33,NA
4,34,NA
4,35,NA
4,36,NA
4,37,NA
4,38,NA
4,39,NA
4,40,NA
4,41,NA
4,42,NA
4,43,NA
4,44,NA
4,45,NA
4,46,NA
4,47,NA
4,48,NA
4,49,NA
4,50,NA
4,51,NA
4,52,NA
4,53,NA
4,54,NA
4,55,NA
4,56,NA
4,57,NA
4,58,NA
4,59,NA
4,60,NA
4,61,NA
4,62,NA
4,63,NA
4,64,NA
4,65,NA
4,66,NA
4,67,NA
4,68,NA
4,69,NA
4,70,NA
4,71,NA
4,72,NA
4,73,NA
4,74,NA
4,75,NA
4,76,NA
4,77,NA
4,78,NA
4,79,NA
4,80,NA
4,81,NA
4,82,NA
4,83,5
4,84,15
4,85,19
4,86,26
4,87,31
4,88,43
4,89,78
4,90,56
4,91,55
4,92,57
4,93,74
4,94,58
4,95,72
4,96,68
4,97,50
4,98,61
4,99,31
4,100,35
4,101,41
4,102,33
4,103,34
4,104,22
4,105,20
4,106,13
4,107,3
4,108,2
4,109,1
4,110,1
4,111,2
4,112,1
4,113,2
4,114,3
4,115,0
4,116,0
4,117,0
4,118,1
4,119,0
4,120,1
4,121,0
4,122,0
4,123,0
5,0,NA
5,1,NA
5,2,NA
5,3,NA
5,4,NA
5,5,NA
5,6,NA
5,7,NA
5,8,NA
5,9,NA
5,10,NA
5,11,NA
5,12,NA
5,13,NA
5,14,NA
5,15,NA
5,16,NA
5,17,NA
5,18,NA
5,19,NA
5,20,NA
5,21,NA
5,22,NA
5,23,NA
5,24,NA
5,25,NA
5,26,NA
5,27,NA
5,28,NA
5,29,NA
5,30,NA
5,31,NA
5,32,NA
5,33,NA
5,34,NA
5,35,NA
5,36,NA
5,37,NA
5,38,NA
5,39,NA
5,40,NA
5,41,NA
5,42,NA
5,43,NA
5,44,NA
5,45,NA
5,46,NA
5,47,NA
5,48,NA
5,49,NA
5,50,NA
5,51,NA
5,52,NA
5,53,NA
5,54,NA
5,55,NA
5,56,NA
5,57,NA
5,58,NA
5,59,NA
5,60,NA
5,61,NA
5,62,NA
5,63,NA
5,64,NA
5,65,NA
5,66,NA
5,67,NA
5,68,NA
5,69,NA
5,70,NA
5,71,NA
5,72,NA
5,73,NA
5,74,NA
5,75,NA
5,76,NA
5,77,NA
5,78,NA
5,79,NA
5,80,NA
5,81,NA
5,82,NA
5,83,8
5,84,6
5,85,24
5,86,21
5,87,10
5,88,36
5,89,46
5,90,48
5,91,37
5,92,60
5,93,43
5,94,68
5,95,72
5,96,50
5,97,61
5,98,74
5,99,68
5,100,46
5,101,51
5,102,30
5,103,29
5,104,21
5,105,24
5,106,16
5,107,12
5,108,11
5,109,9
5,110,4
5,111,1
5,112,1
5,113,1
5,114,0
5,115,0
5,116,0
5,117,0
5,118,0
5,119,1
5,120,0
5,121,0
5,122,0
5,123,0
6,0,NA
6,1,NA
6,2,NA
6,3,NA
6,4,NA
6,5,NA
6,6,NA
6,7,NA
6,8,NA
6,9,NA
6,10,NA
6,11,NA
6,12,NA
6,13,NA
6,14,NA
6,15,NA
6,16,NA
6,17,NA
6,18,NA
6,19,NA
6,20,NA
6,21,NA
6,22,NA
6,23,NA
6,24,NA
6,25,NA
6,26,NA
6,27,NA
6,28,NA
6,29,NA
6,30,NA
6,31,NA
6,32,NA
6,33,NA
6,34,NA
6,35,NA
6,36,NA
6,37,NA
6,38,NA
6,39,NA
6,40,NA
6,41,NA
6,42,NA
6,43,NA
6,44,NA
6,45,NA
6,46,NA
6,47,NA
6,48,NA
6,49,NA
6,50,NA
6,51,NA
6,52,NA
6,53,NA
6,54,NA
6,55,NA
6,56,NA
6,57,NA
6,58,NA
6,59,NA
6,60,NA
6,61,NA
6,62,NA
6,63,NA
6,64,NA
6,65,NA
6,66,NA
6,67,NA
6,68,NA
6,69,NA
6,70,NA
6,71,NA
6,72,NA
6,73,NA
6,74,NA
6,75,NA
6,76,NA
6,77,NA
6,78,NA
6,79,NA
6,80,NA
6,81,NA
6,82,NA
6,83,5
6,84,11
6,85,0
6,86,18
6,87,36
6,88,37
6,89,0
6,90,53
6,91,78
6,92,46
6,93,47
6,94,58
6,95,85
6,96,72
6,97,52
6,98,61
6,99,37
6,100,42
6,101,31
6,102,33
6,103,40
6,104,28
6,105,28
6,106,13
6,107,12
6,108,5
6,109,3
6,110,1
6,111,0
6,112,0
6,113,0
6,114,0
6,115,0
6,116,0
6,117,0
6,118,0
6,119,1
6,120,0
6,121,0
6,122,0
6,123,0
7,0,NA
7,1,NA
7,2,NA
7,3,NA
7,4,NA
7,5,NA
7,6,NA
7,7,NA
7,8,NA
7,9,NA
7,10,NA
7,11,NA
7,12,NA
7,13,NA
7,14,NA
7,15,NA
7,16,NA
7,17,NA
7,18,NA
7,19,NA
7,20,NA
7,21,NA
7,22,NA
7,23,NA
7,24,NA
7,25,NA
7,26,NA
7,27,NA
7,28,NA
7,29,NA
7,30,NA
7,31,NA
7,32,NA
7,33,NA
7,34,NA
7,35,NA
7,36,NA
7,37,NA
7,38,NA
7,39,NA
7,40,NA
7,41,NA
7,42,NA
7,43,NA
7,44,NA
7,45,NA
7,46,NA
7,47,NA
7,48,NA
7,49,NA
7,50,NA
7,51,NA
7,52,NA
7,53,NA
7,54,NA
7,55,NA
7,56,NA
7,57,NA
7,58,NA
7,59,NA
7,60,NA
7,61,NA
7,62,NA
7,63,NA
7,64,NA
7,65,NA
7,66,NA
7,67,NA
7,68,NA
7,69,NA
7,70,NA
7,71,NA
7,72,NA
7,73,NA
7,74,NA
7,75,NA
7,76,NA
7,77,NA
7,78,NA
7,79,NA
7,80,NA
7,81,NA
7,82,NA
7,83,17
7,84,16
7,85,19
7,86,42
7,87,24
7,88,45
7,89,123
7,90,132
7,91,110
7,92,61
7,93,62
7,94,63
7,95,105
7,96,66
7,97,59
7,98,52
7,99,42
7,100,27
7,101,17
7,102,25
7,103,14
7,104,14
7,105,10
7,106,7
7,107,5
7,108,4
7,109,1
7,110,2
7,111,1
7,112,28
7,113,2
7,114,0
7,115,0
7,116,0
7,117,0
7,118,0
7,119,0
7,120,0
7,121,0
7,122,1
7,123,7
8,0,NA
8,1,NA
8,2,NA
8,3,NA
8,4,NA
8,5,NA
8,6,NA
8,7,NA
8,8,NA
8,9,NA
8,10,NA
8,11,NA
8,12,NA
8,13,NA
8,14,NA
8,15,NA
8,16,NA
8,17,NA
8,18,NA
8,19,NA
8,20,NA
8,21,NA
8,22,NA
8,23,NA
8,24,NA
8,25,NA
8,26,NA
8,27,NA
8,28,NA
8,29,NA
8,30,NA
8,31,NA
8,32,NA
8,33,NA
8,34,NA
8,35,NA
8,36,NA
8,37,NA
8,38,NA
8,39,NA
8,40,NA
8,41,NA
8,42,NA
8,43,NA
8,44,NA
8,45,NA
8,46,NA
8,47,NA
8,48,NA
8,49,NA
8,50,NA
8,51,NA
8,52,NA
8,53,NA
8,54,NA
8,55,NA
8,56,NA
8,57,NA
8,58,NA
8,59,NA
8,60,NA
8,61,NA
8,62,NA
8,63,NA
8,64,NA
8,65,NA
8,66,NA
8,67,NA
8,68,NA
8,69,NA
8,70,NA
8,71,NA
8,72,NA
8,73,NA
8,74,NA
8,75,NA
8,76,NA
8,77,NA
8,78,NA
8,79,NA
8,80,NA
8,81,NA
8,82,NA
8,83,4
8,84,4
8,85,9
8,86,15
8,87,14
8,88,23
8,89,29
8,90,30
8,91,39
8,92,34
8,93,34
8,94,35
8,95,37
8,96,33
8,97,32
8,98,35
8,99,31
8,100,29
8,101,24
8,102,23
8,103,28
8,104,27
8,105,23
8,106,11
8,107,13
8,108,9
8,109,3
8,110,2
8,111,0
8,112,0
8,113,0
8,114,0
8,115,0
8,116,0
8,117,0
8,118,0
8,119,0
8,120,0
8,121,0
8,122,0
8,123,0
9,0,NA
9,1,NA
9,2,NA
9,3,NA
9,4,NA
9,5,NA
9,6,NA
9,7,NA
9,8,NA
9,9,NA
9,10,NA
9,11,NA
9,12,NA
9,13,NA
9,14,NA
9,15,NA
9,16,NA
9,17,NA
9,18,NA
9,19,NA
9,20,NA
9,21,NA
9,22,NA
9,23,NA
9,24,NA
9,25,NA
9,26,NA
9,27,NA
9,28,NA
9,29,NA
9,30,NA
9,31,NA
9,32,NA
9,33,NA
9,34,NA
9,35,NA
9,36,NA
9,37,NA
9,38,NA
9,39,NA
9,40,NA
9,41,NA
9,42,NA
9,43,NA
9,44,NA
9,45,NA
9,46,NA
9,47,NA
9,48,NA
9,49,NA
9,50,NA
9,51,NA
9,52,NA
9,53,NA
9,54,NA
9,55,NA
9,56,NA
9,57,NA
9,58,NA
9,59,NA
9,60,NA
9,61,NA
9,62,NA
9,63,NA
9,64,NA
9,65,NA
9,66,NA
9,67,NA
9,68,NA
9,69,NA
9,70,NA
9,71,NA
9,72,NA
9,73,NA
9,74,NA
9,75,NA
9,76,NA
9,77,NA
9,78,NA
9,79,NA
9,80,NA
9,81,NA
9,82,NA
9,83,3
9,84,7
9,85,13
9,86,16
9,87,25
9,88,21
9,89,18
9,90,34
9,91,35
9,92,30
9,93,24
9,94,23
9,95,28
9,96,19
9,97,20
9,98,23
9,99,20
9,100,22
9,101,19
9,102,12
9,103,19
9,104,15
9,105,12
9,106,7
9,107,11
9,108,14
9,109,13
9,110,6
9,111,6
9,112,5
9,113,1
9,114,0
9,115,1
9,116,2
9,117,2
9,118,3
9,119,4
9,120,0
9,121,0
9,122,0
9,123,0
10,0,NA
10,1,NA
10,2,NA
10,3,NA
10,4,NA
10,5,NA
10,6,NA
10,7,NA
10,8,NA
10,9,NA
10,10,NA
10,11,NA
10,12,NA
10,13,NA
10,14,NA
10,15,NA
10,16,NA
10,17,NA
10,18,NA
10,19,NA
10,20,NA
10,21,NA
10,22,NA
10,23,NA
10,24,NA
10,25,NA
10,26,NA
10,27,NA
10,28,NA
10,29,NA
10,30,NA
10,31,NA
10,32,NA
10,33,NA
10,34,NA
10,35,NA
10,36,NA
10,37,NA
10,38,NA
10,39,NA
10,40,NA
10,41,NA
10,42,NA
10,43,NA
10,44,NA
10,45,NA
10,46,NA
10,47,NA
10,48,NA
10,49,NA
10,50,NA
10,51,NA
10,52,NA
10,53,NA
10,54,NA
10,55,NA
10,56,NA
10,57,NA
10,58,NA
10,59,NA
10,60,NA
10,61,NA
10,62,NA
10,63,NA
10,64,NA
10,65,NA
10,66,NA
10,67,NA
10,68,NA
10,69,NA
10,70,NA
10,71,NA
10,72,NA
10,73,NA
10,74,NA
10,75,NA
10,76,NA
10,77,NA
10,78,NA
10,79,NA
10,80,NA
10,81,NA
10,82,NA
10,83,3
10,84,18
10,85,30
10,86,18
10,87,35
10,88,22
10,89,15
10,90,35
10,91,29
10,92,36
10,93,53
10,94,37
10,95,29
10,96,23
10,97,22
10,98,15
10,99,2
10,100,40
10,101,18
10,102,19
10,103,13
10,104,11
10,105,8
10,106,7
10,107,7
10,108,2
10,109,2
10,110,5
10,111,7
10,112,5
10,113,1
10,114,2
10,115,1
10,116,0
10,117,0
10,118,0
10,119,0
10,120,0
10,121,0
10,122,0
10,123,0
11,0,NA
11,1,NA
11,2,NA
11,3,NA
11,4,NA
11,5,NA
11,6,NA
11,7,NA
11,8,NA
11,9,NA
11,10,NA
11,11,NA
11,12,NA
11,13,NA
11,14,NA
11,15,NA
11,16,NA
11,17,NA
11,18,NA
11,19,NA
11,20,NA
11,21,NA
11,22,NA
11,23,NA
11,24,NA
11,25,NA
11,26,NA
11,27,NA
11,28,NA
11,29,NA
11,30,NA
11,31,NA
11,32,NA
11,33,NA
11,34,NA
11,35,NA
11,36,NA
11,37,NA
11,38,NA
11,39,NA
11,40,NA
11,41,NA
11,42,NA
11,43,NA
11,44,NA
11,45,NA
11,46,NA
11,47,NA
11,48,NA
11,49,NA
11,50,NA
11,51,NA
11,52,NA
11,53,NA
11,54,NA
11,55,NA
11,56,NA
11,57,NA
11,58,NA
11,59,NA
11,60,NA
11,61,NA
11,62,NA
11,63,NA
11,64,NA
11,65,NA
11,66,NA
11,67,NA
11,68,NA
11,69,NA
11,70,NA
11,71,NA
11,72,NA
11,73,NA
11,74,NA
11,75,NA
11,76,NA
11,77,NA
11,78,NA
11,79,NA
11,80,NA
11,81,NA
11,82,NA
11,83,4
11,84,9
11,85,12
11,86,19
11,87,29
11,88,20
11,89,35
11,90,28
11,91,26
11,92,22
11,93,24
11,94,29
11,95,16
11,96,32
11,97,40
11,98,39
11,99,30
11,100,28
11,101,22
11,102,21
11,103,10
11,104,12
11,105,14
11,106,9
11,107,5
11,108,4
11,109,2
11,110,1
11,111,2
11,112,NA
11,113,NA
11,114,NA
11,115,NA
11,116,NA
11,117,NA
11,118,NA
11,119,NA
11,120,NA
11,121,NA
11,122,NA
11,123,NA
12,0,NA
12,1,NA
12,2,NA
12,3,NA
12,4,NA
12,5,NA
12,6,NA
12,7,NA
12,8,NA
12,9,NA
12,10,NA
12,11,NA
12,12,NA
12,13,NA
12,14,NA
12,15,NA
12,16,NA
12,17,NA
12,18,NA
12,19,NA
12,20,NA
12,21,NA
12,22,NA
12,23,NA
12,24,NA
12,25,NA
12,26,NA
12,27,NA
12,28,NA
12,29,NA
12,30,NA
12,31,NA
12,32,NA
12,33,NA
12,34,NA
12,35,NA
12,36,NA
12,37,NA
12,38,NA
12,39,NA
12,40,NA
12,41,NA
12,42,NA
12,43,NA
12,44,NA
12,45,NA
12,46,NA
12,47,NA
12,48,NA
12,49,NA
12,50,NA
12,51,NA
12,52,NA
12,53,NA
12,54,NA
12,55,NA
12,56,NA
12,57,NA
12,58,NA
12,59,NA
12,60,NA
12,61,NA
12,62,NA
12,63,NA
12,64,NA
12,65,NA
12,66,NA
12,67,NA
12,68,NA
12,69,NA
12,70,NA
12,71,NA
12,72,NA
12,73,NA
12,74,NA
12,75,NA
12,76,NA
12,77,NA
12,78,NA
12,79,NA
12,80,NA
12,81,NA
12,82,NA
12,83,4
12,84,5
12,85,8
12,86,17
12,87,24
12,88,21
12,89,4
12,90,17
12,91,19
12,92,24
12,93,15
12,94,20
12,95,15
12,96,11
12,97,10
12,98,9
12,99,15
12,100,11
12,101,11
12,102,6
12,103,5
12,104,7
12,105,2
12,106,4
12,107,2
12,108,3
12,109,2
12,110,1
12,111,0
12,112,0
12,113,0
12,114,0
12,115,0
12,116,1
12,117,0
12,118,2
12,119,0
12,120,0
12,121,0
12,122,0
12,123,0
13,0,NA
13,1,NA
13,2,NA
13,3,NA
13,4,NA
13,5,NA
13,6,NA
13,7,NA
13,8,NA
13,9,NA
13,10,NA
13,11,NA
13,12,NA
13,13,NA
13,14,NA
13,15,NA
13,16,NA
13,17,NA
13,18,NA
13,19,NA
13,20,NA
13,21,NA
13,22,NA
13,23,NA
13,24,NA
13,25,NA
13,26,NA
13,27,NA
13,28,NA
13,29,NA
13,30,NA
13,31,NA
13,32,NA
13,33,NA
13,34,NA
13,35,NA
13,36,NA
13,37,NA
13,38,NA
13,39,NA
13,40,NA
13,41,NA
13,42,NA
13,43,NA
13,44,NA
13,45,NA
13,46,NA
13,47,NA
13,48,NA
13,49,NA
13,50,NA
13,51,NA
13,52,NA
13,53,NA
13,54,NA
13,55,NA
13,56,NA
13,57,NA
13,58,NA
13,59,NA
13,60,NA
13,61,NA
13,62,NA
13,63,NA
13,64,NA
13,65,NA
13,66,NA
13,67,NA
13,68,NA
13,69,NA
13,70,NA
13,71,NA
13,72,NA
13,73,NA
13,74,NA
13,75,NA
13,76,NA
13,77,NA
13,78,NA
13,79,NA
13,80,NA
13,81,NA
13,82,NA
13,83,1
13,84,3
13,85,6
13,86,5
13,87,10
13,88,18
13,89,11
13,90,15
13,91,13
13,92,10
13,93,12
13,94,12
13,95,5
13,96,6
13,97,5
13,98,5
13,99,0
13,100,3
13,101,8
13,102,4
13,103,1
13,104,2
13,105,6
13,106,6
13,107,3
13,108,0
13,109,1
13,110,0
13,111,2
13,112,0
13,113,0
13,114,0
13,115,0
13,116,0
13,117,0
13,118,0
13,119,0
13,120,0
13,121,0
13,122,0
13,123,0
14,0,NA
14,1,NA
14,2,NA
14,3,NA
14,4,NA
14,5,NA
14,6,NA
14,7,NA
14,8,NA
14,9,NA
14,10,NA
14,11,NA
14,12,NA
14,13,NA
14,14,NA
14,15,NA
14,16,NA
14,17,NA
14,18,NA
14,19,NA
14,20,NA
14,21,NA
14,22,NA
14,23,NA
14,24,NA
14,25,NA
14,26,NA
14,27,NA
14,28,NA
14,29,NA
14,30,NA
14,31,NA
14,32,NA
14,33,NA
14,34,NA
14,35,NA
14,36,NA
14,37,NA
14,38,NA
14,39,NA
14,40,NA
14,41,NA
14,42,NA
14,43,NA
14,44,NA
14,45,NA
14,46,NA
14,47,NA
14,48,NA
14,49,NA
14,50,NA
14,51,NA
14,52,NA
14,53,NA
14,54,NA
14,55,NA
14,56,NA
14,57,NA
14,58,NA
14,59,NA
14,60,NA
14,61,NA
14,62,NA
14,63,NA
14,64,NA
14,65,NA
14,66,NA
14,67,NA
14,68,NA
14,69,NA
14,70,NA
14,71,NA
14,72,NA
14,73,NA
14,74,NA
14,75,NA
14,76,NA
14,77,NA
14,78,NA
14,79,NA
14,80,NA
14,81,NA
14,82,NA
14,83,7
14,84,4
14,85,13
14,86,7
14,87,13
14,88,13
14,89,30
14,90,16
14,91,23
14,92,34
14,93,13
14,94,21
14,95,16
14,96,24
14,97,14
14,98,20
14,99,9
14,100,7
14,101,6
14,102,4
14,103,8
14,104,4
14,105,3
14,106,8
14,107,2
14,108,5
14,109,0
14,110,0
14,111,1
14,112,0
14,113,1
14,114,0
14,115,0
14,116,1
14,117,1
14,118,0
14,119,0
14,120,0
14,121,0
14,122,0
14,123,1
15,0,NA
15,1,NA
15,2,NA
15,3,NA
15,4,NA
15,5,NA
15,6,NA
15,7,NA
15,8,NA
15,9,NA
15,10,NA
15,11,NA
15,12,NA
15,13,NA
15,14,NA
15,15,NA
15,16,NA
15,17,NA
15,18,NA
15,19,NA
15,20,NA
15,21,NA
15,22,NA
15,23,NA
15,24,NA
15,25,NA
15,26,NA
15,27,NA
15,28,NA
15,29,NA
15,30,NA
15,31,NA
15,32,NA
15,33,NA
15,34,NA
15,35,NA
15,36,NA
15,37,NA
15,38,NA
15,39,NA
15,40,NA
15,41,NA
15,42,NA
15,43,NA
15,44,NA
15,45,NA
15,46,NA
15,47,NA
15,48,NA
15,49,NA
15,50,NA
15,51,NA
15,52,NA
15,53,NA
15,54,NA
15,55,NA
15,56,NA
15,57,NA
15,58,NA
15,59,NA
15,60,NA
15,61,NA
15,62,NA
15,63,NA
15,64,NA
15,65,NA
15,66,NA
15,67,NA
15,68,NA
15,69,NA
15,70,NA
15,71,NA
15,72,NA
15,73,NA
15,74,NA
15,75,NA
15,76,NA
15,77,NA
15,78,NA
15,79,NA
15,80,NA
15,81,NA
15,82,NA
15,83,1
15,84,3
15,85,11
15,86,3
15,87,11
15,88,7
15,89,3
15,90,3
15,91,6
15,92,10
15,93,2
15,94,8
15,95,8
15,96,19
15,97,7
15,98,11
15,99,7
15,100,7
15,101,7
15,102,6
15,103,13
15,104,0
15,105,2
15,106,3
15,107,0
15,108,1
15,109,0
15,110,5
15,111,0
15,112,0
15,113,0
15,114,0
15,115,0
15,116,0
15,117,0
15,118,0
15,119,0
15,120,0
15,121,0
15,122,0
15,123,0
16,0,NA
16,1,NA
16,2,NA
16,3,NA
16,4,NA
16,5,NA
16,6,NA
16,7,NA
16,8,NA
16,9,NA
16,10,NA
16,11,NA
16,12,NA
16,13,NA
16,14,NA
16,15,NA
16,16,NA
16,17,NA
16,18,NA
16,19,NA
16,20,NA
16,21,NA
16,22,NA
16,23,NA
16,24,NA
16,25,NA
16,26,NA
16,27,NA
16,28,NA
16,29,NA
16,30,NA
16,31,NA
16,32,NA
16,33,NA
16,34,NA
16,35,NA
16,36,NA
16,37,NA
16,38,NA
16,39,NA
16,40,NA
16,41,NA
16,42,NA
16,43,NA
16,44,NA
16,45,NA
16,46,NA
16,47,NA
16,48,NA
16,49,NA
16,50,NA
16,51,NA
16,52,NA
16,53,NA
16,54,NA
16,55,NA
16,56,NA
16,57,NA
16,58,NA
16,59,NA
16,60,NA
16,61,NA
16,62,NA
16,63,NA
16,64,NA
16,65,NA
16,66,NA
16,67,NA
16,68,NA
16,69,NA
16,70,NA
16,71,NA
16,72,NA
16,73,NA
16,74,NA
16,75,NA
16,76,NA
16,77,NA
16,78,NA
16,79,NA
16,80,NA
16,81,NA
16,82,NA
16,83,3
16,84,2
16,85,10
16,86,7
16,87,13
16,88,11
16,89,10
16,90,7
16,91,24
16,92,14
16,93,15
16,94,12
16,95,14
16,96,23
16,97,8
16,98,11
16,99,11
16,100,13
16,101,5
16,102,6
16,103,6
16,104,4
16,105,1
16,106,2
16,107,4
16,108,4
16,109,0
16,110,2
16,111,3
16,112,0
16,113,0
16,114,0
16,115,0
16,116,0
16,117,0
16,118,0
16,119,0
16,120,0
16,121,0
16,122,0
16,123,0
17,0,NA
17,1,NA
17,2,NA
17,3,NA
17,4,NA
17,5,NA
17,6,NA
17,7,NA
17,8,NA
17,9,NA
17,10,NA
17,11,NA
17,12,NA
17,13,NA
17,14,NA
17,15,NA
17,16,NA
17,17,NA
17,18,NA
17,19,NA
17,20,NA
17,21,NA
17,22,NA
17,23,NA
17,24,NA
17,25,NA
17,26,NA
17,27,NA
17,28,NA
17,29,NA
17,30,NA
17,31,NA
17,32,NA
17,33,NA
17,34,NA
17,35,NA
17,36,NA
17,37,NA
17,38,NA
17,39,NA
17,40,NA
17,41,NA
17,42,NA
17,43,NA
17,44,NA
17,45,NA
17,46,NA
17,47,NA
17,48,NA
17,49,NA
17,50,NA
17,51,NA
17,52,NA
17,53,NA
17,54,NA
17,55,NA
17,56,NA
17,57,NA
17,58,NA
17,59,NA
17,60,NA
17,61,NA
17,62,NA
17,63,NA
17,64,NA
17,65,NA
17,66,NA
17,67,NA
17,68,NA
17,69,NA
17,70,NA
17,71,NA
17,72,NA
17,73,NA
17,74,NA
17,75,NA
17,76,NA
17,77,NA
17,78,NA
17,79,NA
17,80,NA
17,81,NA
17,82,NA
17,83,8
17,84,14
17,85,5
17,86,27
17,87,12
17,88,11
17,89,20
17,90,3
17,91,25
17,92,29
17,93,23
17,94,21
17,95,16
17,96,25
17,97,21
17,98,23
17,99,18
17,100,11
17,101,11
17,102,5
17,103,10
17,104,14
17,105,6
17,106,3
17,107,5
17,108,1
17,109,6
17,110,6
17,111,2
17,112,1
17,113,3
17,114,0
17,115,0
17,116,1
17,117,0
17,118,10
17,119,0
17,120,1
17,121,2
17,122,1
17,123,0
18,0,NA
18,1,NA
18,2,NA
18,3,NA
18,4,NA
18,5,NA
18,6,NA
18,7,NA
18,8,NA
18,9,NA
18,10,NA
18,11,NA
18,12,NA
18,13,NA
18,14,NA
18,15,NA
18,16,NA
18,17,NA
18,18,NA
18,19,NA
18,20,NA
18,21,NA
18,22,NA
18,23,NA
18,24,NA
18,25,NA
18,26,NA
18,27,NA
18,28,NA
18,29,NA
18,30,NA
18,31,NA
18,32,NA
18,33,NA
18,34,NA
18,35,NA
18,36,NA
18,37,NA
18,38,NA
18,39,NA
18,40,NA
18,41,NA
18,42,NA
18,43,NA
18,44,NA
18,45,NA
18,46,NA
18,47,NA
18,48,NA
18,49,NA
18,50,NA
18,51,NA
18,52,NA
18,53,NA
18,54,NA
18,55,NA
18,56,NA
18,57,NA
18,58,NA
18,59,NA
18,60,NA
18,61,NA
18,62,NA
18,63,NA
18,64,NA
18,65,NA
18,66,NA
18,67,NA
18,68,NA
18,69,NA
18,70,NA
18,71,NA
18,72,NA
18,73,NA
18,74,NA
18,75,NA
18,76,NA
18,77,NA
18,78,NA
18,79,NA
18,80,NA
18,81,NA
18,82,NA
18,83,0
18,84,1
18,85,6
18,86,5
18,87,5
18,88,15
18,89,15
18,90,17
18,91,17
18,92,14
18,93,8
18,94,9
18,95,13
18,96,9
18,97,22
18,98,15
18,99,23
18,100,11
18,101,12
18,102,21
18,103,12
18,104,14
18,105,18
18,106,8
18,107,9
18,108,1
18,109,5
18,110,0
18,111,1
18,112,1
18,113,1
18,114,2
18,115,0
18,116,0
18,117,1
18,118,5
18,119,1
18,120,0
18,121,0
18,122,0
18,123,0
19,0,NA
19,1,NA
19,2,NA
19,3,NA
19,4,NA
19,5,NA
19,6,NA
19,7,NA
19,8,NA
19,9,NA
19,10,NA
19,11,NA
19,12,NA
19,13,NA
19,14,NA
19,15,NA
19,16,NA
19,17,NA
19,18,NA
19,19,NA
19,20,NA
19,21,NA
19,22,NA
19,23,NA
19,24,NA
19,25,NA
19,26,NA
19,27,NA
19,28,NA
19,29,NA
19,30,NA
19,31,NA
19,32,NA
19,33,NA
19,34,NA
19,35,NA
19,36,NA
19,37,NA
19,38,NA
19,39,NA
19,40,NA
19,41,NA
19,42,NA
19,43,NA
19,44,NA
19,45,NA
19,46,NA
19,47,NA
19,48,NA
19,49,NA
19,50,NA
19,51,NA
19,52,NA
19,53,NA
19,54,NA
19,55,NA
19,56,NA
19,57,NA
19,58,NA
19,59,NA
19,60,NA
19,61,NA
19,62,NA
19,63,NA
19,64,NA
19,65,NA
19,66,NA
19,67,NA
19,68,NA
19,69,NA
19,70,NA
19,71,NA
19,72,NA
19,73,NA
19,74,NA
19,75,NA
19,76,NA
19,77,NA
19,78,NA
19,79,NA
19,80,NA
19,81,NA
19,82,NA
19,83,3
19,84,18
19,85,0
19,86,13
19,87,10
19,88,5
19,89,7
19,90,20
19,91,9
19,92,13
19,93,11
19,94,16
19,95,12
19,96,11
19,97,18
19,98,4
19,99,11
19,100,12
19,101,15
19,102,5
19,103,7
19,104,0
19,105,4
19,106,9
19,107,2
19,108,1
19,109,4
19,110,2
19,111,1
19,112,1
19,113,3
19,114,0
19,115,2
19,116,1
19,117,0
19,118,0
19,119,0
19,120,0
19,121,0
19,122,0
19,123,0
20,0,NA
20,1,NA
20,2,NA
20,3,NA
20,4,NA
20,5,NA
20,6,NA
20,7,NA
20,8,NA
20,9,NA
20,10,NA
20,11,NA
20,12,NA
20,13,NA
20,14,NA
20,15,NA
20,16,NA
20,17,NA
20,18,NA
20,19,NA
20,20,NA
20,21,NA
20,22,NA
20,23,NA
20,24,NA
20,25,NA
20,26,NA
20,27,NA
20,28,NA
20,29,NA
20,30,NA
20,31,NA
20,32,NA
20,33,NA
20,34,NA
20,35,NA
20,36,NA
20,37,NA
20,38,NA
20,39,NA
20,40,NA
20,41,NA
20,42,NA
20,43,NA
20,44,NA
20,45,NA
20,46,NA
20,47,NA
20,48,NA
20,49,NA
20,50,NA
20,51,NA
20,52,NA
20,53,NA
20,54,NA
20,55,NA
20,56,NA
20,57,NA
20,58,NA
20,59,NA
20,60,NA
20,61,NA
20,62,NA
20,63,NA
20,64,NA
20,65,NA
20,66,NA
20,67,NA
20,68,NA
20,69,NA
20,70,NA
20,71,NA
20,72,NA
20,73,NA
20,74,NA
20,75,NA
20,76,NA
20,77,NA
20,78,NA
20,79,NA
20,80,NA
20,81,NA
20,82,NA
20,83,0
20,84,0
20,85,5
20,86,3
20,87,4
20,88,14
20,89,0
20,90,8
20,91,4
20,92,8
20,93,19
20,94,8
20,95,7
20,96,0
20,97,15
20,98,8
20,99,11
20,100,4
20,101,0
20,102,5
20,103,2
20,104,0
20,105,1
20,106,1
20,107,1
20,108,1
20,109,1
20,110,0
20,111,1
20,112,0
20,113,0
20,114,0
20,115,1
20,116,0
20,117,0
20,118,0
20,119,0
20,120,0
20,121,0
20,122,0
20,123,0
21,0,NA
21,1,NA
21,2,NA
21,3,NA
21,4,NA
21,5,NA
21,6,NA
21,7,NA
21,8,NA
21,9,NA
21,10,NA
21,11,NA
21,12,NA
21,13,NA
21,14,NA
21,15,NA
21,16,NA
21,17,NA
21,18,NA
21,19,NA
21,20,NA
21,21,NA
21,22,NA
21,23,NA
21,24,NA
21,25,NA
21,26,NA
21,27,NA
21,28,NA
21,29,NA
21,30,NA
21,31,NA
21,32,NA
21,33,NA
21,34,NA
21,35,NA
21,36,NA
21,37,NA
21,38,NA
21,39,NA
21,40,NA
21,41,NA
21,42,NA
21,43,NA
21,44,NA
21,45,NA
21,46,NA
21,47,NA
21,48,NA
21,49,NA
21,50,NA
21,51,NA
21,52,NA
21,53,NA
21,54,NA
21,55,NA
21,56,NA
21,57,NA
21,58,NA
21,59,NA
21,60,NA
21,61,NA
21,62,NA
21,63,NA
21,64,NA
21,65,NA
21,66,NA
21,67,NA
21,68,NA
21,69,NA
21,70,NA
21,71,NA
21,72,NA
21,73,NA
21,74,NA
21,75,NA
21,76,NA
21,77,NA
21,78,NA
21,79,NA
21,80,NA
21,81,NA
21,82,NA
21,83,2
21,84,0
21,85,1
21,86,1
21,87,2
21,88,2
21,89,0
21,90,3
21,91,17
21,92,0
21,93,9
21,94,8
21,95,12
21,96,6
21,97,7
21,98,10
21,99,8
21,100,10
21,101,10
21,102,18
21,103,6
21,104,2
21,105,5
21,106,3
21,107,1
21,108,2
21,109,0
21,110,0
21,111,0
21,112,0
21,113,0
21,114,0
21,115,0
21,116,0
21,117,0
21,118,0
21,119,0
21,120,0
21,121,0
21,122,0
21,123,0
22,0,NA
22,1,NA
22,2,NA
22,3,NA
22,4,NA
22,5,NA
22,6,NA
22,7,NA
22,8,NA
22,9,NA
22,10,NA
22,11,NA
22,12,NA
22,13,NA
22,14,NA
22,15,NA
22,16,NA
22,17,NA
22,18,NA
22,19,NA
22,20,NA
22,21,NA
22,22,NA
22,23,NA
22,24,NA
22,25,NA
22,26,NA
22,27,NA
22,28,NA
22,29,NA
22,30,NA
22,31,NA
22,32,NA
22,33,NA
22,34,NA
22,35,NA
22,36,NA
22,37,NA
22,38,NA
22,39,NA
22,40,NA
22,41,NA
22,42,NA
22,43,NA
22,44,NA
22,45,NA
22,46,NA
22,47,NA
22,48,NA
22,49,NA
22,50,NA
22,51,NA
22,52,NA
22,53,NA
22,54,NA
22,55,NA
22,56,NA
22,57,NA
22,58,NA
22,59,NA
22,60,NA
22,61,NA
22,62,NA
22,63,NA
22,64,NA
22,65,NA
22,66,NA
22,67,NA
22,68,NA
22,69,NA
22,70,NA
22,71,NA
22,72,NA
22,73,NA
22,74,NA
22,75,NA
22,76,NA
22,77,NA
22,78,NA
22,79,NA
22,80,NA
22,81,NA
22,82,NA
22,83,1
22,84,1
22,85,13
22,86,4
22,87,6
22,88,7
22,89,5
22,90,2
22,91,7
22,92,16
22,93,6
22,94,4
22,95,7
22,96,8
22,97,5
22,98,5
22,99,6
22,100,2
22,101,1
22,102,3
22,103,5
22,104,1
22,105,2
22,106,0
22,107,2
22,108,0
22,109,0
22,110,0
22,111,0
22,112,0
22,113,0
22,114,0
22,115,0
22,116,0
22,117,0
22,118,0
22,119,0
22,120,0
22,121,1
22,122,0
22,123,3
23,0,NA
23,1,NA
23,2,NA
23,3,NA
23,4,NA
23,5,NA
23,6,NA
23,7,NA
23,8,NA
23,9,NA
23,10,NA
23,11,NA
23,12,NA
23,13,NA
23,14,NA
23,15,NA
23,16,NA
23,17,NA
23,18,NA
23,19,NA
23,20,NA
23,21,NA
23,22,NA
23,23,NA
23,24,NA
23,25,NA
23,26,NA
23,27,NA
23,28,NA
23,29,NA
23,30,NA
23,31,NA
23,32,NA
23,33,NA
23,34,NA
23,35,NA
23,36,NA
23,37,NA
23,38,NA
23,39,NA
23,40,NA
23,41,NA
23,42,NA
23,43,NA
23,44,NA
23,45,NA
23,46,NA
23,47,NA
23,48,NA
23,49,NA
23,50,NA
23,51,NA
23,52,NA
23,53,NA
23,54,NA
23,55,NA
23,56,NA
23,57,NA
23,58,NA
23,59,NA
23,60,NA
23,61,NA
23,62,NA
23,63,NA
23,64,NA
23,65,NA
23,66,NA
23,67,NA
23,68,NA
23,69,NA
23,70,NA
23,71,NA
23,72,NA
23,73,NA
23,74,NA
23,75,NA
23,76,NA
23,77,NA
23,78,NA
23,79,NA
23,80,NA
23,81,NA
23,82,NA
23,83,2
23,84,0
23,85,2
23,86,3
23,87,7
23,88,5
23,89,5
23,90,2
23,91,3
23,92,11
23,93,11
23,94,4
23,95,2
23,96,5
23,97,0
23,98,5
23,99,12
23,100,4
23,101,0
23,102,3
23,103,1
23,104,3
23,105,0
23,106,0
23,107,0
23,108,1
23,109,0
23,110,0
23,111,0
23,112,0
23,113,0
23,114,0
23,115,0
23,116,0
23,117,0
23,118,0
23,119,0
23,120,0
23,121,0
23,122,0
23,123,0
24,0,NA
24,1,NA
24,2,NA
24,3,NA
24,4,NA
24,5,NA
24,6,NA
24,7,NA
24,8,NA
24,9,NA
24,10,NA
24,11,NA
24,12,NA
24,13,NA
24,14,NA
24,15,NA
24,16,NA
24,17,NA
24,18,NA
24,19,NA
24,20,NA
24,21,NA
24,22,NA
24,23,NA
24,24,NA
24,25,NA
24,26,NA
24,27,NA
24,28,NA
24,29,NA
24,30,NA
24,31,NA
24,32,NA
24,33,NA
24,34,NA
24,35,NA
24,36,NA
24,37,NA
24,38,NA
24,39,NA
24,40,NA
24,41,NA
24,42,NA
24,43,NA
24,44,NA
24,45,NA
24,46,NA
24,47,NA
24,48,NA
24,49,NA
24,50,NA
24,51,NA
24,52,NA
24,53,NA
24,54,NA
24,55,NA
24,56,NA
24,57,NA
24,58,NA
24,59,NA
24,60,NA
24,61,NA
24,62,NA
24,63,NA
24,64,NA
24,65,NA
24,66,NA
24,67,NA
24,68,NA
24,69,NA
24,70,NA
24,71,NA
24,72,NA
24,73,NA
24,74,NA
24,75,NA
24,76,NA
24,77,NA
24,78,NA
24,79,NA
24,80,NA
24,81,NA
24,82,NA
24,83,1
24,84,2
24,85,1
24,86,0
24,87,2
24,88,2
24,89,1
24,90,5
24,91,0
24,92,3
24,93,6
24,94,8
24,95,11
24,96,12
24,97,5
24,98,6
24,99,4
24,100,9
24,101,2
24,102,1
24,103,2
24,104,1
24,105,2
24,106,2
24,107,1
24,108,0
24,109,0
24,110,1
24,111,1
24,112,0
24,113,0
24,114,0
24,115,2
24,116,0
24,117,0
24,118,0
24,119,0
24,120,0
24,121,0
24,122,0
24,123,0
25,0,NA
25,1,NA
25,2,NA
25,3,NA
25,4,NA
25,5,NA
25,6,NA
25,7,NA
25,8,NA
25,9,NA
25,10,NA
25,11,NA
25,12,NA
25,13,NA
25,14,NA
25,15,NA
25,16,NA
25,17,NA
25,18,NA
25,19,NA
25,20,NA
25,21,NA
25,22,NA
25,23,NA
25,24,NA
25,25,NA
25,26,NA
25,27,NA
25,28,NA
25,29,NA
25,30,NA
25,31,NA
25,32,NA
25,33,NA
25,34,NA
25,35,NA
25,36,NA
25,37,NA
25,38,NA
25,39,NA
25,40,NA
25,41,NA
25,42,NA
25,43,NA
25,44,NA
25,45,NA
25,46,NA
25,47,NA
25,48,NA
25,49,NA
25,50,NA
25,51,NA
25,52,NA
25,53,NA
25,54,NA
25,55,NA
25,56,NA
25,57,NA
25,58,NA
25,59,NA
25,60,NA
25,61,NA
25,62,NA
25,63,NA
25,64,NA
25,65,NA
25,66,NA
25,67,NA
25,68,NA
25,69,NA
25,70,NA
25,71,NA
25,72,NA
25,73,NA
25,74,NA
25,75,NA
25,76,NA
25,77,NA
25,78,NA
25,79,NA
25,80,NA
25,81,NA
25,82,NA
25,83,2
25,84,2
25,85,5
25,86,6
25,87,6
25,88,12
25,89,5
25,90,6
25,91,15
25,92,21
25,93,15
25,94,26
25,95,34
25,96,35
25,97,37
25,98,50
25,99,18
25,100,12
25,101,24
25,102,29
25,103,18
25,104,17
25,105,24
25,106,6
25,107,20
25,108,12
25,109,7
25,110,6
25,111,6
25,112,3
25,113,0
25,114,1
25,115,0
25,116,0
25,117,0
25,118,0
25,119,0
25,120,0
25,121,0
25,122,0
25,123,0
26,0,NA
26,1,NA
26,2,NA
26,3,NA
26,4,NA
26,5,NA
26,6,NA
26,7,NA
26,8,NA
26,9,NA
26,10,NA
26,11,NA
26,12,NA
26,13,NA
26,14,NA
26,15,NA
26,16,NA
26,17,NA
26,18,NA
26,19,NA
26,20,NA
26,21,NA
26,22,NA
26,23,NA
26,24,NA
26,25,NA
26,26,NA
26,27,NA
26,28,NA
26,29,NA
26,30,NA
26,31,NA
26,32,NA
26,33,NA
26,34,NA
26,35,NA
26,36,NA
26,37,NA
26,38,NA
26,39,NA
26,40,NA
26,41,NA
26,42,NA
26,43,NA
26,44,NA
26,45,NA
26,46,NA
26,47,NA
26,48,NA
26,49,NA
26,50,NA
26,51,NA
26,52,NA
26,53,NA
26,54,NA
26,55,NA
26,56,NA
26,57,NA
26,58,NA
26,59,NA
26,60,NA
26,61,NA
26,62,NA
26,63,NA
26,64,NA
26,65,NA
26,66,NA
26,67,NA
26,68,NA
26,69,NA
26,70,NA
26,71,NA
26,72,NA
26,73,NA
26,74,NA
26,75,NA
26,76,NA
26,77,NA
26,78,NA
26,79,NA
26,80,NA
26,81,NA
26,82,NA
26,83,2
26,84,0
26,85,1
26,86,1
26,87,1
26,88,5
26,89,3
26,90,1
26,91,3
26,92,1
26,93,3
26,94,3
26,95,5
26,96,3
26,97,4
26,98,3
26,99,3
26,100,3
26,101,4
26,102,6
26,103,4
26,104,4
26,105,2
26,106,5
26,107,1
26,108,4
26,109,1
26,110,0
26,111,0
26,112,0
26,113,0
26,114,0
26,115,0
26,116,0
26,117,0
26,118,0
26,119,0
26,120,0
26,121,0
26,122,0
26,123,0
27,0,NA
27,1,NA
27,2,NA
27,3,NA
27,4,NA
27,5,NA
27,6,NA
27,7,NA
27,8,NA
27,9,NA
27,10,NA
27,11,NA
27,12,NA
27,13,NA
27,14,NA
27,15,NA
27,16,NA
27,17,NA
27,18,NA
27,19,NA
27,20,NA
27,21,NA
27,22,NA
27,23,NA
27,24,NA
27,25,NA
27,26,NA
27,27,NA
27,28,NA
27,29,NA
27,30,NA
27,31,NA
27,32,NA
27,33,NA
27,34,NA
27,35,NA
27,36,NA
27,37,NA
27,38,NA
27,39,NA
27,40,NA
27,41,NA
27,42,NA
27,43,NA
27,44,NA
27,45,NA
27,46,NA
27,47,NA
27,48,NA
27,49,NA
27,50,NA
27,51,NA
27,52,NA
27,53,NA
27,54,NA
27,55,NA
27,56,NA
27,57,NA
27,58,NA
27,59,NA
27,60,NA
27,61,NA
27,62,NA
27,63,NA
27,64,NA
27,65,NA
27,66,NA
27,67,NA
27,68,NA
27,69,NA
27,70,NA
27,71,NA
27,72,NA
27,73,NA
27,74,NA
27,75,NA
27,76,NA
27,77,NA
27,78,NA
27,79,NA
27,80,NA
27,81,NA
27,82,NA
27,83,0
27,84,0
27,85,1
27,86,0
27,87,5
27,88,0
27,89,0
27,90,2
27,91,0
27,92,1
27,93,2
27,94,2
27,95,2
27,96,2
27,97,1
27,98,0
27,99,0
27,100,0
27,101,0
27,102,0
27,103,0
27,104,0
27,105,0
27,106,0
27,107,0
27,108,0
27,109,0
27,110,0
27,111,0
27,112,0
27,113,0
27,114,0
27,115,0
27,116,0
27,117,0
27,118,0
27,119,0
27,120,0
27,121,0
27,122,0
27,123,0
28,0,NA
28,1,NA
28,2,NA
28,3,NA
28,4,NA
28,5,NA
28,6,NA
28,7,NA
28,8,NA
28,9,NA
28,10,NA
28,11,NA
28,12,NA
28,13,NA
28,14,NA
28,15,NA
28,16,NA
28,17,NA
28,18,NA
28,19,NA
28,20,NA
28,21,NA
28,22,NA
28,23,NA
28,24,NA
28,25,NA
28,26,NA
28,27,NA
28,28,NA
28,29,NA
28,30,NA
28,31,NA
28,32,NA
28,33,NA
28,34,NA
28,35,NA
28,36,NA
28,37,NA
28,38,NA
28,39,NA
28,40,NA
28,41,NA
28,42,NA
28,43,NA
28,44,NA
28,45,NA
28,46,NA
28,47,NA
28,48,NA
28,49,NA
28,50,NA
28,51,NA
28,52,NA
28,53,NA
28,54,NA
28,55,NA
28,56,NA
28,57,NA
28,58,NA
28,59,NA
28,60,NA
28,61,NA
28,62,NA
28,63,NA
28,64,NA
28,65,NA
28,66,NA
28,67,NA
28,68,NA
28,69,NA
28,70,NA
28,71,NA
28,72,NA
28,73,NA
28,74,NA
28,75,NA
28,76,NA
28,77,NA
28,78,NA
28,79,NA
28,80,NA
28,81,NA
28,82,NA
28,83,0
28,84,4
28,85,2
28,86,4
28,87,9
28,88,1
28,89,3
28,90,4
28,91,1
28,92,9
28,93,7
28,94,12
28,95,7
28,96,2
28,97,10
28,98,2
28,99,7
28,100,3
28,101,4
28,102,11
28,103,6
28,104,7
28,105,1
28,106,2
28,107,2
28,108,1
28,109,3
28,110,2
28,111,1
28,112,1
28,113,3
28,114,0
28,115,0
28,116,0
28,117,0
28,118,1
28,119,0
28,120,0
28,121,0
28,122,0
28,123,0
