province,country_region,lat,long,date,n,prev,diff
Hubei,Mainland China,30.9756,112.2707,2020-01-23T00:00:00Z,444,444,0
Hubei,Mainland China,30.9756,112.2707,2020-01-24T00:00:00Z,549,444,105
Hubei,Mainland China,30.9756,112.2707,2020-01-25T00:00:00Z,761,549,212
Hubei,Mainland China,30.9756,112.2707,2020-01-26T00:00:00Z,1058,761,297
Hubei,Mainland China,30.9756,112.2707,2020-01-27T00:00:00Z,1423,1058,365
Hubei,Mainland China,30.9756,112.2707,2020-01-28T00:00:00Z,3554,1423,2131
Hubei,Mainland China,30.9756,112.2707,2020-01-29T00:00:00Z,3554,3554,0
Hubei,Mainland China,30.9756,112.2707,2020-01-30T00:00:00Z,4903,3554,1349
Hubei,Mainland China,30.9756,112.2707,2020-01-31T00:00:00Z,5806,4903,903
Hubei,Mainland China,30.9756,112.2707,2020-02-01T00:00:00Z,7153,5806,1347
Hubei,Mainland China,30.9756,112.2707,2020-02-02T00:00:00Z,11177,7153,4024
Hubei,Mainland China,30.9756,112.2707,2020-02-03T00:00:00Z,13522,11177,2345
Hubei,Mainland China,30.9756,112.2707,2020-02-04T00:00:00Z,16678,13522,3156
Hubei,Mainland China,30.9756,112.2707,2020-02-05T00:00:00Z,19665,16678,2987
Hubei,Mainland China,30.9756,112.2707,2020-02-06T00:00:00Z,22112,19665,2447
Hubei,Mainland China,30.9756,112.2707,2020-02-07T00:00:00Z,24953,22112,2841
Hubei,Mainland China,30.9756,112.2707,2020-02-08T00:00:00Z,27100,24953,2147
Hubei,Mainland China,30.9756,112.2707,2020-02-09T00:00:00Z,29631,27100,2531
Hubei,Mainland China,30.9756,112.2707,2020-02-10T00:00:00Z,31728,29631,2097
Hubei,Mainland China,30.9756,112.2707,2020-02-11T00:00:00Z,33366,31728,1638
Hubei,Mainland China,30.9756,112.2707,2020-02-12T00:00:00Z,33366,33366,0
Hubei,Mainland China,30.9756,112.2707,2020-02-13T00:00:00Z,48206,33366,14840
Hubei,Mainland China,30.9756,112.2707,2020-02-14T00:00:00Z,54406,48206,6200
Hubei,Mainland China,30.9756,112.2707,2020-02-15T00:00:00Z,56249,54406,1843
Hubei,Mainland China,30.9756,112.2707,2020-02-16T00:00:00Z,58182,56249,1933
Hubei,Mainland China,30.9756,112.2707,2020-02-17T00:00:00Z,59989,58182,1807
Hubei,Mainland China,30.9756,112.2707,2020-02-18T00:00:00Z,61682,59989,1693
Hubei,Mainland China,30.9756,112.2707,2020-02-19T00:00:00Z,62031,61682,349
Hubei,Mainland China,30.9756,112.2707,2020-02-20T00:00:00Z,62442,62031,411
Hubei,Mainland China,30.9756,112.2707,2020-02-21T00:00:00Z,62662,62442,220
Hubei,Mainland China,30.9756,112.2707,2020-02-22T00:00:00Z,64084,62662,1422
Hubei,Mainland China,30.9756,112.2707,2020-02-23T00:00:00Z,64084,64084,0
Hubei,Mainland China,30.9756,112.2707,2020-02-24T00:00:00Z,64287,64084,203
Hubei,Mainland China,30.9756,112.2707,2020-02-25T00:00:00Z,64786,64287,499
Hubei,Mainland China,30.9756,112.2707,2020-02-26T00:00:00Z,65187,64786,401
Hubei,Mainland China,30.9756,112.2707,2020-02-27T00:00:00Z,65596,65187,409
Hubei,Mainland China,30.9756,112.2707,2020-02-28T00:00:00Z,65914,65596,318
Hubei,Mainland China,30.9756,112.2707,2020-02-29T00:00:00Z,66337,65914,423
Hubei,Mainland China,30.9756,112.2707,2020-03-01T00:00:00Z,66907,66337,570
Hubei,Mainland China,30.9756,112.2707,2020-03-02T00:00:00Z,67103,66907,196
Hubei,Mainland China,30.9756,112.2707,2020-03-03T00:00:00Z,67217,67103,114
Guangdong,Mainland China,23.3417,113.4244,2020-01-23T00:00:00Z,32,26,6
Guangdong,Mainland China,23.3417,113.4244,2020-01-24T00:00:00Z,53,32,21
Guangdong,Mainland China,23.3417,113.4244,2020-01-25T00:00:00Z,78,53,25
Guangdong,Mainland China,23.3417,113.4244,2020-01-26T00:00:00Z,111,78,33
Guangdong,Mainland China,23.3417,113.4244,2020-01-27T00:00:00Z,151,111,40
Guangdong,Mainland China,23.3417,113.4244,2020-01-28T00:00:00Z,207,151,56
Guangdong,Mainland China,23.3417,113.4244,2020-01-29T00:00:00Z,277,207,70
Guangdong,Mainland China,23.3417,113.4244,2020-01-30T00:00:00Z,354,277,77
Guangdong,Mainland China,23.3417,113.4244,2020-01-31T00:00:00Z,436,354,82
Guangdong,Mainland China,23.3417,113.4244,2020-02-01T00:00:00Z,535,436,99
Guangdong,Mainland China,23.3417,113.4244,2020-02-02T00:00:00Z,632,535,97
Guangdong,Mainland China,23.3417,113.4244,2020-02-03T00:00:00Z,725,632,93
Guangdong,Mainland China,23.3417,113.4244,2020-02-04T00:00:00Z,813,725,88
Guangdong,Mainland China,23.3417,113.4244,2020-02-05T00:00:00Z,895,813,82
Guangdong,Mainland China,23.3417,113.4244,2020-02-06T00:00:00Z,970,895,75
Guangdong,Mainland China,23.3417,113.4244,2020-02-07T00:00:00Z,1034,970,64
Guangdong,Mainland China,23.3417,113.4244,2020-02-08T00:00:00Z,1095,1034,61
Guangdong,Mainland China,23.3417,113.4244,2020-02-09T00:00:00Z,1131,1095,36
Guangdong,Mainland China,23.3417,113.4244,2020-02-10T00:00:00Z,1159,1131,28
Guangdong,Mainland China,23.3417,113.4244,2020-02-11T00:00:00Z,1177,1159,18
Guangdong,Mainland China,23.3417,113.4244,2020-02-12T00:00:00Z,1219,1177,42
Guangdong,Mainland China,23.3417,113.4244,2020-02-13T00:00:00Z,1241,1219,22
Guangdong,Mainland China,23.3417,113.4244,2020-02-14T00:00:00Z,1261,1241,20
Guangdong,Mainland China,23.3417,113.4244,2020-02-15T00:00:00Z,1294,1261,33
Guangdong,Mainland China,23.3417,113.4244,2020-02-16T00:00:00Z,1316,1294,22
Guangdong,Mainland China,23.3417,113.4244,2020-02-17T00:00:00Z,1322,1316,6
Guangdong,Mainland China,23.3417,113.4244,2020-02-18T00:00:00Z,1328,1322,6
Guangdong,Mainland China,23.3417,113.4244,2020-02-19T00:00:00Z,1331,1328,3
Guangdong,Mainland China,23.3417,113.4244,2020-02-20T00:00:00Z,1332,1331,1
Guangdong,Mainland China,23.3417,113.4244,2020-02-21T00:00:00Z,1333,1332,1
Guangdong,Mainland China,23.3417,113.4244,2020-02-22T00:00:00Z,1339,1333,6
Guangdong,Mainland China,23.3417,113.4244,2020-02-23T00:00:00Z,1342,1339,3
Guangdong,Mainland China,23.3417,113.4244,2020-02-24T00:00:00Z,1345,1342,3
Guangdong,Mainland China,23.3417,113.4244,2020-02-25T00:00:00Z,1347,1345,2
Guangdong,Mainland China,23.3417,113.4244,2020-02-26T00:00:00Z,1347,1347,0
Guangdong,Mainland China,23.3417,113.4244,2020-02-27T00:00:00Z,1347,1347,0
Guangdong,Mainland China,23.3417,113.4244,2020-02-28T00:00:00Z,1348,1347,1
Guangdong,Mainland China,23.3417,113.4244,2020-02-29T00:00:00Z,1349,1348,1
Guangdong,Mainland China,23.3417,113.4244,2020-03-01T00:00:00Z,1349,1349,0
Guangdong,Mainland China,23.3417,113.4244,2020-03-02T00:00:00Z,1350,1349,1
Guangdong,Mainland China,23.3417,113.4244,2020-03-03T00:00:00Z,1350,1350,0
Henan,Mainland China,33.88202,113.614,2020-01-23T00:00:00Z,5,5,0
Henan,Mainland China,33.88202,113.614,2020-01-24T00:00:00Z,9,5,4
Henan,Mainland China,33.88202,113.614,2020-01-25T00:00:00Z,32,9,23
Henan,Mainland China,33.88202,113.614,2020-01-26T00:00:00Z,83,32,51
Henan,Mainland China,33.88202,113.614,2020-01-27T00:00:00Z,128,83,45
Henan,Mainland China,33.88202,113.614,2020-01-28T00:00:00Z,168,128,40
Henan,Mainland China,33.88202,113.614,2020-01-29T00:00:00Z,206,168,38
Henan,Mainland China,33.88202,113.614,2020-01-30T00:00:00Z,278,206,72
Henan,Mainland China,33.88202,113.614,2020-01-31T00:00:00Z,352,278,74
Henan,Mainland China,33.88202,113.614,2020-02-01T00:00:00Z,422,352,70
Henan,Mainland China,33.88202,113.614,2020-02-02T00:00:00Z,493,422,71
Henan,Mainland China,33.88202,113.614,2020-02-03T00:00:00Z,566,493,73
Henan,Mainland China,33.88202,113.614,2020-02-04T00:00:00Z,675,566,109
Henan,Mainland China,33.88202,113.614,2020-02-05T00:00:00Z,764,675,89
Henan,Mainland China,33.88202,113.614,2020-02-06T00:00:00Z,851,764,87
Henan,Mainland China,33.88202,113.614,2020-02-07T00:00:00Z,914,851,63
Henan,Mainland China,33.88202,113.614,2020-02-08T00:00:00Z,981,914,67
Henan,Mainland China,33.88202,113.614,2020-02-09T00:00:00Z,1033,981,52
Henan,Mainland China,33.88202,113.614,2020-02-10T00:00:00Z,1073,1033,40
Henan,Mainland China,33.88202,113.614,2020-02-11T00:00:00Z,1105,1073,32
Henan,Mainland China,33.88202,113.614,2020-02-12T00:00:00Z,1135,1105,30
Henan,Mainland China,33.88202,113.614,2020-02-13T00:00:00Z,1169,1135,34
Henan,Mainland China,33.88202,113.614,2020-02-14T00:00:00Z,1184,1169,15
Henan,Mainland China,33.88202,113.614,2020-02-15T00:00:00Z,1212,1184,28
Henan,Mainland China,33.88202,113.614,2020-02-16T00:00:00Z,1231,1212,19
Henan,Mainland China,33.88202,113.614,2020-02-17T00:00:00Z,1246,1231,15
Henan,Mainland China,33.88202,113.614,2020-02-18T00:00:00Z,1257,1246,11
Henan,Mainland China,33.88202,113.614,2020-02-19T00:00:00Z,1262,1257,5
Henan,Mainland China,33.88202,113.614,2020-02-20T00:00:00Z,1265,1262,3
Henan,Mainland China,33.88202,113.614,2020-02-21T00:00:00Z,1267,1265,2
Henan,Mainland China,33.88202,113.614,2020-02-22T00:00:00Z,1270,1267,3
Henan,Mainland China,33.88202,113.614,2020-02-23T00:00:00Z,1271,1270,1
Henan,Mainland China,33.88202,113.614,2020-02-24T00:00:00Z,1271,1271,0
Henan,Mainland China,33.88202,113.614,2020-02-25T00:00:00Z,1271,1271,0
Henan,Mainland China,33.88202,113.614,2020-02-26T00:00:00Z,1271,1271,0
Henan,Mainland China,33.88202,113.614,2020-02-27T00:00:00Z,1272,1271,1
Henan,Mainland China,33.88202,113.614,2020-02-28T00:00:00Z,1272,1272,0
Henan,Mainland China,33.88202,113.614,2020-02-29T00:00:00Z,1272,1272,0
Henan,Mainland China,33.88202,113.614,2020-03-01T00:00:00Z,1272,1272,0
Henan,Mainland China,33.88202,113.614,2020-03-02T00:00:00Z,1272,1272,0
Henan,Mainland China,33.88202,113.614,2020-03-03T00:00:00Z,1272,1272,0
Zhejiang,Mainland China,29.1832,120.0934,2020-01-23T00:00:00Z,27,10,17
Zhejiang,Mainland China,29.1832,120.0934,2020-01-24T00:00:00Z,43,27,16
Zhejiang,Mainland China,29.1832,120.0934,2020-01-25T00:00:00Z,62,43,19
Zhejiang,Mainland China,29.1832,120.0934,2020-01-26T00:00:00Z,104,62,42
Zhejiang,Mainland China,29.1832,120.0934,2020-01-27T00:00:00Z,128,104,24
Zhejiang,Mainland China,29.1832,120.0934,2020-01-28T00:00:00Z,173,128,45
Zhejiang,Mainland China,29.1832,120.0934,2020-01-29T00:00:00Z,296,173,123
Zhejiang,Mainland China,29.1832,120.0934,2020-01-30T00:00:00Z,428,296,132
Zhejiang,Mainland China,29.1832,120.0934,2020-01-31T00:00:00Z,538,428,110
Zhejiang,Mainland China,29.1832,120.0934,2020-02-01T00:00:00Z,599,538,61
Zhejiang,Mainland China,29.1832,120.0934,2020-02-02T00:00:00Z,661,599,62
Zhejiang,Mainland China,29.1832,120.0934,2020-02-03T00:00:00Z,724,661,63
Zhejiang,Mainland China,29.1832,120.0934,2020-02-04T00:00:00Z,829,724,105
Zhejiang,Mainland China,29.1832,120.0934,2020-02-05T00:00:00Z,895,829,66
Zhejiang,Mainland China,29.1832,120.0934,2020-02-06T00:00:00Z,954,895,59
Zhejiang,Mainland China,29.1832,120.0934,2020-02-07T00:00:00Z,1006,954,52
Zhejiang,Mainland China,29.1832,120.0934,2020-02-08T00:00:00Z,1048,1006,42
Zhejiang,Mainland China,29.1832,120.0934,2020-02-09T00:00:00Z,1075,1048,27
Zhejiang,Mainland China,29.1832,120.0934,2020-02-10T00:00:00Z,1092,1075,17
Zhejiang,Mainland China,29.1832,120.0934,2020-02-11T00:00:00Z,1117,1092,25
Zhejiang,Mainland China,29.1832,120.0934,2020-02-12T00:00:00Z,1131,1117,14
Zhejiang,Mainland China,29.1832,120.0934,2020-02-13T00:00:00Z,1145,1131,14
Zhejiang,Mainland China,29.1832,120.0934,2020-02-14T00:00:00Z,1155,1145,10
Zhejiang,Mainland China,29.1832,120.0934,2020-02-15T00:00:00Z,1162,1155,7
Zhejiang,Mainland China,29.1832,120.0934,2020-02-16T00:00:00Z,1167,1162,5
Zhejiang,Mainland China,29.1832,120.0934,2020-02-17T00:00:00Z,1171,1167,4
Zhejiang,Mainland China,29.1832,120.0934,2020-02-18T00:00:00Z,1172,1171,1
Zhejiang,Mainland China,29.1832,120.0934,2020-02-19T00:00:00Z,1174,1172,2
Zhejiang,Mainland China,29.1832,120.0934,2020-02-20T00:00:00Z,1175,1174,1
Zhejiang,Mainland China,29.1832,120.0934,2020-02-21T00:00:00Z,1203,1175,28
Zhejiang,Mainland China,29.1832,120.0934,2020-02-22T00:00:00Z,1205,1203,2
Zhejiang,Mainland China,29.1832,120.0934,2020-02-23T00:00:00Z,1205,1205,0
Zhejiang,Mainland China,29.1832,120.0934,2020-02-24T00:00:00Z,1205,1205,0
Zhejiang,Mainland China,29.1832,120.0934,2020-02-25T00:00:00Z,1205,1205,0
Zhejiang,Mainland China,29.1832,120.0934,2020-02-26T00:00:00Z,1205,1205,0
Zhejiang,Mainland China,29.1832,120.0934,2020-02-27T00:00:00Z,1205,1205,0
Zhejiang,Mainland China,29.1832,120.0934,2020-02-28T00:00:00Z,1205,1205,0
Zhejiang,Mainland China,29.1832,120.0934,2020-02-29T00:00:00Z,1205,1205,0
Zhejiang,Mainland China,29.1832,120.0934,2020-03-01T00:00:00Z,1205,1205,0
Zhejiang,Mainland China,29.1832,120.0934,2020-03-02T00:00:00Z,1206,1205,1
Zhejiang,Mainland China,29.1832,120.0934,2020-03-03T00:00:00Z,1213,1206,7
Hunan,Mainland China,27.6104,111.7088,2020-01-23T00:00:00Z,9,4,5
Hunan,Mainland China,27.6104,111.7088,2020-01-24T00:00:00Z,24,9,15
Hunan,Mainland China,27.6104,111.7088,2020-01-25T00:00:00Z,43,24,19
Hunan,Mainland China,27.6104,111.7088,2020-01-26T00:00:00Z,69,43,26
Hunan,Mainland China,27.6104,111.7088,2020-01-27T00:00:00Z,100,69,31
Hunan,Mainland China,27.6104,111.7088,2020-01-28T00:00:00Z,143,100,43
Hunan,Mainland China,27.6104,111.7088,2020-01-29T00:00:00Z,221,143,78
Hunan,Mainland China,27.6104,111.7088,2020-01-30T00:00:00Z,277,221,56
Hunan,Mainland China,27.6104,111.7088,2020-01-31T00:00:00Z,332,277,55
Hunan,Mainland China,27.6104,111.7088,2020-02-01T00:00:00Z,389,332,57
Hunan,Mainland China,27.6104,111.7088,2020-02-02T00:00:00Z,463,389,74
Hunan,Mainland China,27.6104,111.7088,2020-02-03T00:00:00Z,521,463,58
Hunan,Mainland China,27.6104,111.7088,2020-02-04T00:00:00Z,593,521,72
Hunan,Mainland China,27.6104,111.7088,2020-02-05T00:00:00Z,661,593,68
Hunan,Mainland China,27.6104,111.7088,2020-02-06T00:00:00Z,711,661,50
Hunan,Mainland China,27.6104,111.7088,2020-02-07T00:00:00Z,772,711,61
Hunan,Mainland China,27.6104,111.7088,2020-02-08T00:00:00Z,803,772,31
Hunan,Mainland China,27.6104,111.7088,2020-02-09T00:00:00Z,838,803,35
Hunan,Mainland China,27.6104,111.7088,2020-02-10T00:00:00Z,879,838,41
Hunan,Mainland China,27.6104,111.7088,2020-02-11T00:00:00Z,912,879,33
Hunan,Mainland China,27.6104,111.7088,2020-02-12T00:00:00Z,946,912,34
Hunan,Mainland China,27.6104,111.7088,2020-02-13T00:00:00Z,968,946,22
Hunan,Mainland China,27.6104,111.7088,2020-02-14T00:00:00Z,988,968,20
Hunan,Mainland China,27.6104,111.7088,2020-02-15T00:00:00Z,1001,988,13
Hunan,Mainland China,27.6104,111.7088,2020-02-16T00:00:00Z,1004,1001,3
Hunan,Mainland China,27.6104,111.7088,2020-02-17T00:00:00Z,1006,1004,2
Hunan,Mainland China,27.6104,111.7088,2020-02-18T00:00:00Z,1007,1006,1
Hunan,Mainland China,27.6104,111.7088,2020-02-19T00:00:00Z,1008,1007,1
Hunan,Mainland China,27.6104,111.7088,2020-02-20T00:00:00Z,1010,1008,2
Hunan,Mainland China,27.6104,111.7088,2020-02-21T00:00:00Z,1011,1010,1
Hunan,Mainland China,27.6104,111.7088,2020-02-22T00:00:00Z,1013,1011,2
Hunan,Mainland China,27.6104,111.7088,2020-02-23T00:00:00Z,1016,1013,3
Hunan,Mainland China,27.6104,111.7088,2020-02-24T00:00:00Z,1016,1016,0
Hunan,Mainland China,27.6104,111.7088,2020-02-25T00:00:00Z,1016,1016,0
Hunan,Mainland China,27.6104,111.7088,2020-02-26T00:00:00Z,1016,1016,0
Hunan,Mainland China,27.6104,111.7088,2020-02-27T00:00:00Z,1017,1016,1
Hunan,Mainland China,27.6104,111.7088,2020-02-28T00:00:00Z,1017,1017,0
Hunan,Mainland China,27.6104,111.7088,2020-02-29T00:00:00Z,1018,1017,1
Hunan,Mainland China,27.6104,111.7088,2020-03-01T00:00:00Z,1018,1018,0
Hunan,Mainland China,27.6104,111.7088,2020-03-02T00:00:00Z,1018,1018,0
Hunan,Mainland China,27.6104,111.7088,2020-03-03T00:00:00Z,1018,1018,0
Anhui,Mainland China,31.8257,117.2264,2020-01-23T00:00:00Z,9,1,8
Anhui,Mainland China,31.8257,117.2264,2020-01-24T00:00:00Z,15,9,6
Anhui,Mainland China,31.8257,117.2264,2020-01-25T00:00:00Z,39,15,24
Anhui,Mainland China,31.8257,117.2264,2020-01-26T00:00:00Z,60,39,21
Anhui,Mainland China,31.8257,117.2264,2020-01-27T00:00:00Z,70,60,10
Anhui,Mainland China,31.8257,117.2264,2020-01-28T00:00:00Z,106,70,36
Anhui,Mainland China,31.8257,117.2264,2020-01-29T00:00:00Z,152,106,46
Anhui,Mainland China,31.8257,117.2264,2020-01-30T00:00:00Z,200,152,48
Anhui,Mainland China,31.8257,117.2264,2020-01-31T00:00:00Z,237,200,37
Anhui,Mainland China,31.8257,117.2264,2020-02-01T00:00:00Z,297,237,60
Anhui,Mainland China,31.8257,117.2264,2020-02-02T00:00:00Z,340,297,43
Anhui,Mainland China,31.8257,117.2264,2020-02-03T00:00:00Z,408,340,68
Anhui,Mainland China,31.8257,117.2264,2020-02-04T00:00:00Z,480,408,72
Anhui,Mainland China,31.8257,117.2264,2020-02-05T00:00:00Z,530,480,50
Anhui,Mainland China,31.8257,117.2264,2020-02-06T00:00:00Z,591,530,61
Anhui,Mainland China,31.8257,117.2264,2020-02-07T00:00:00Z,665,591,74
Anhui,Mainland China,31.8257,117.2264,2020-02-08T00:00:00Z,733,665,68
Anhui,Mainland China,31.8257,117.2264,2020-02-09T00:00:00Z,779,733,46
Anhui,Mainland China,31.8257,117.2264,2020-02-10T00:00:00Z,830,779,51
Anhui,Mainland China,31.8257,117.2264,2020-02-11T00:00:00Z,860,830,30
Anhui,Mainland China,31.8257,117.2264,2020-02-12T00:00:00Z,889,860,29
Anhui,Mainland China,31.8257,117.2264,2020-02-13T00:00:00Z,910,889,21
Anhui,Mainland China,31.8257,117.2264,2020-02-14T00:00:00Z,934,910,24
Anhui,Mainland China,31.8257,117.2264,2020-02-15T00:00:00Z,950,934,16
Anhui,Mainland China,31.8257,117.2264,2020-02-16T00:00:00Z,962,950,12
Anhui,Mainland China,31.8257,117.2264,2020-02-17T00:00:00Z,973,962,11
Anhui,Mainland China,31.8257,117.2264,2020-02-18T00:00:00Z,982,973,9
Anhui,Mainland China,31.8257,117.2264,2020-02-19T00:00:00Z,986,982,4
Anhui,Mainland China,31.8257,117.2264,2020-02-20T00:00:00Z,987,986,1
Anhui,Mainland China,31.8257,117.2264,2020-02-21T00:00:00Z,988,987,1
Anhui,Mainland China,31.8257,117.2264,2020-02-22T00:00:00Z,989,988,1
Anhui,Mainland China,31.8257,117.2264,2020-02-23T00:00:00Z,989,989,0
Anhui,Mainland China,31.8257,117.2264,2020-02-24T00:00:00Z,989,989,0
Anhui,Mainland China,31.8257,117.2264,2020-02-25T00:00:00Z,989,989,0
Anhui,Mainland China,31.8257,117.2264,2020-02-26T00:00:00Z,989,989,0
Anhui,Mainland China,31.8257,117.2264,2020-02-27T00:00:00Z,989,989,0
Anhui,Mainland China,31.8257,117.2264,2020-02-28T00:00:00Z,990,989,1
Anhui,Mainland China,31.8257,117.2264,2020-02-29T00:00:00Z,990,990,0
Anhui,Mainland China,31.8257,117.2264,2020-03-01T00:00:00Z,990,990,0
Anhui,Mainland China,31.8257,117.2264,2020-03-02T00:00:00Z,990,990,0
Anhui,Mainland China,31.8257,117.2264,2020-03-03T00:00:00Z,990,990,0
Jiangxi,Mainland China,27.614,115.7221,2020-01-23T00:00:00Z,7,2,5
Jiangxi,Mainland China,27.614,115.7221,2020-01-24T00:00:00Z,18,7,11
Jiangxi,Mainland China,27.614,115.7221,2020-01-25T00:00:00Z,18,18,0
Jiangxi,Mainland China,27.614,115.7221,2020-01-26T00:00:00Z,36,18,18
Jiangxi,Mainland China,27.614,115.7221,2020-01-27T00:00:00Z,72,36,36
Jiangxi,Mainland China,27.614,115.7221,2020-01-28T00:00:00Z,109,72,37
Jiangxi,Mainland China,27.614,115.7221,2020-01-29T00:00:00Z,109,109,0
Jiangxi,Mainland China,27.614,115.7221,2020-01-30T00:00:00Z,162,109,53
Jiangxi,Mainland China,27.614,115.7221,2020-01-31T00:00:00Z,240,162,78
Jiangxi,Mainland China,27.614,115.7221,2020-02-01T00:00:00Z,286,240,46
Jiangxi,Mainland China,27.614,115.7221,2020-02-02T00:00:00Z,333,286,47
Jiangxi,Mainland China,27.614,115.7221,2020-02-03T00:00:00Z,391,333,58
Jiangxi,Mainland China,27.614,115.7221,2020-02-04T00:00:00Z,476,391,85
Jiangxi,Mainland China,27.614,115.7221,2020-02-05T00:00:00Z,548,476,72
Jiangxi,Mainland China,27.614,115.7221,2020-02-06T00:00:00Z,600,548,52
Jiangxi,Mainland China,27.614,115.7221,2020-02-07T00:00:00Z,661,600,61
Jiangxi,Mainland China,27.614,115.7221,2020-02-08T00:00:00Z,698,661,37
Jiangxi,Mainland China,27.614,115.7221,2020-02-09T00:00:00Z,740,698,42
Jiangxi,Mainland China,27.614,115.7221,2020-02-10T00:00:00Z,771,740,31
Jiangxi,Mainland China,27.614,115.7221,2020-02-11T00:00:00Z,804,771,33
Jiangxi,Mainland China,27.614,115.7221,2020-02-12T00:00:00Z,844,804,40
Jiangxi,Mainland China,27.614,115.7221,2020-02-13T00:00:00Z,872,844,28
Jiangxi,Mainland China,27.614,115.7221,2020-02-14T00:00:00Z,900,872,28
Jiangxi,Mainland China,27.614,115.7221,2020-02-15T00:00:00Z,913,900,13
Jiangxi,Mainland China,27.614,115.7221,2020-02-16T00:00:00Z,925,913,12
Jiangxi,Mainland China,27.614,115.7221,2020-02-17T00:00:00Z,930,925,5
Jiangxi,Mainland China,27.614,115.7221,2020-02-18T00:00:00Z,933,930,3
Jiangxi,Mainland China,27.614,115.7221,2020-02-19T00:00:00Z,934,933,1
Jiangxi,Mainland China,27.614,115.7221,2020-02-20T00:00:00Z,934,934,0
Jiangxi,Mainland China,27.614,115.7221,2020-02-21T00:00:00Z,934,934,0
Jiangxi,Mainland China,27.614,115.7221,2020-02-22T00:00:00Z,934,934,0
Jiangxi,Mainland China,27.614,115.7221,2020-02-23T00:00:00Z,934,934,0
Jiangxi,Mainland China,27.614,115.7221,2020-02-24T00:00:00Z,934,934,0
Jiangxi,Mainland China,27.614,115.7221,2020-02-25T00:00:00Z,934,934,0
Jiangxi,Mainland China,27.614,115.7221,2020-02-26T00:00:00Z,934,934,0
Jiangxi,Mainland China,27.614,115.7221,2020-02-27T00:00:00Z,934,934,0
Jiangxi,Mainland China,27.614,115.7221,2020-02-28T00:00:00Z,935,934,1
Jiangxi,Mainland China,27.614,115.7221,2020-02-29T00:00:00Z,935,935,0
Jiangxi,Mainland China,27.614,115.7221,2020-03-01T00:00:00Z,935,935,0
Jiangxi,Mainland China,27.614,115.7221,2020-03-02T00:00:00Z,935,935,0
Jiangxi,Mainland China,27.614,115.7221,2020-03-03T00:00:00Z,935,935,0
Shandong,Mainland China,36.3427,118.1498,2020-01-23T00:00:00Z,6,2,4
Shandong,Mainland China,36.3427,118.1498,2020-01-24T00:00:00Z,15,6,9
Shandong,Mainland China,36.3427,118.1498,2020-01-25T00:00:00Z,27,15,12
Shandong,Mainland China,36.3427,118.1498,2020-01-26T00:00:00Z,46,27,19
Shandong,Mainland China,36.3427,118.1498,2020-01-27T00:00:00Z,75,46,29
Shandong,Mainland China,36.3427,118.1498,2020-01-28T00:00:00Z,95,75,20
Shandong,Mainland China,36.3427,118.1498,2020-01-29T00:00:00Z,130,95,35
Shandong,Mainland China,36.3427,118.1498,2020-01-30T00:00:00Z,158,130,28
Shandong,Mainland China,36.3427,118.1498,2020-01-31T00:00:00Z,184,158,26
Shandong,Mainland China,36.3427,118.1498,2020-02-01T00:00:00Z,206,184,22
Shandong,Mainland China,36.3427,118.1498,2020-02-02T00:00:00Z,230,206,24
Shandong,Mainland China,36.3427,118.1498,2020-02-03T00:00:00Z,259,230,29
Shandong,Mainland China,36.3427,118.1498,2020-02-04T00:00:00Z,275,259,16
Shandong,Mainland China,36.3427,118.1498,2020-02-05T00:00:00Z,307,275,32
Shandong,Mainland China,36.3427,118.1498,2020-02-06T00:00:00Z,347,307,40
Shandong,Mainland China,36.3427,118.1498,2020-02-07T00:00:00Z,386,347,39
Shandong,Mainland China,36.3427,118.1498,2020-02-08T00:00:00Z,416,386,30
Shandong,Mainland China,36.3427,118.1498,2020-02-09T00:00:00Z,444,416,28
Shandong,Mainland China,36.3427,118.1498,2020-02-10T00:00:00Z,466,444,22
Shandong,Mainland China,36.3427,118.1498,2020-02-11T00:00:00Z,487,466,21
Shandong,Mainland China,36.3427,118.1498,2020-02-12T00:00:00Z,497,487,10
Shandong,Mainland China,36.3427,118.1498,2020-02-13T00:00:00Z,509,497,12
Shandong,Mainland China,36.3427,118.1498,2020-02-14T00:00:00Z,523,509,14
Shandong,Mainland China,36.3427,118.1498,2020-02-15T00:00:00Z,532,523,9
Shandong,Mainland China,36.3427,118.1498,2020-02-16T00:00:00Z,537,532,5
Shandong,Mainland China,36.3427,118.1498,2020-02-17T00:00:00Z,541,537,4
Shandong,Mainland China,36.3427,118.1498,2020-02-18T00:00:00Z,543,541,2
Shandong,Mainland China,36.3427,118.1498,2020-02-19T00:00:00Z,544,543,1
Shandong,Mainland China,36.3427,118.1498,2020-02-20T00:00:00Z,546,544,2
Shandong,Mainland China,36.3427,118.1498,2020-02-21T00:00:00Z,749,546,NA
Shandong,Mainland China,36.3427,118.1498,2020-02-22T00:00:00Z,750,749,NA
Shandong,Mainland China,36.3427,118.1498,2020-02-23T00:00:00Z,754,750,NA
Shandong,Mainland China,36.3427,118.1498,2020-02-24T00:00:00Z,755,754,NA
Shandong,Mainland China,36.3427,118.1498,2020-02-25T00:00:00Z,756,755,NA
Shandong,Mainland China,36.3427,118.1498,2020-02-26T00:00:00Z,756,756,NA
Shandong,Mainland China,36.3427,118.1498,2020-02-27T00:00:00Z,756,756,NA
Shandong,Mainland China,36.3427,118.1498,2020-02-28T00:00:00Z,756,756,NA
Shandong,Mainland China,36.3427,118.1498,2020-02-29T00:00:00Z,756,756,NA
Shandong,Mainland China,36.3427,118.1498,2020-03-01T00:00:00Z,758,756,NA
Shandong,Mainland China,36.3427,118.1498,2020-03-02T00:00:00Z,758,758,NA
Shandong,Mainland China,36.3427,118.1498,2020-03-03T00:00:00Z,758,758,NA
Jiangsu,Mainland China,32.9711,119.455,2020-01-23T00:00:00Z,5,1,4
Jiangsu,Mainland China,32.9711,119.455,2020-01-24T00:00:00Z,9,5,4
Jiangsu,Mainland China,32.9711,119.455,2020-01-25T00:00:00Z,18,9,9
Jiangsu,Mainland China,32.9711,119.455,2020-01-26T00:00:00Z,33,18,15
Jiangsu,Mainland China,32.9711,119.455,2020-01-27T00:00:00Z,47,33,14
Jiangsu,Mainland China,32.9711,119.455,2020-01-28T00:00:00Z,70,47,23
Jiangsu,Mainland China,32.9711,119.455,2020-01-29T00:00:00Z,99,70,29
Jiangsu,Mainland China,32.9711,119.455,2020-01-30T00:00:00Z,129,99,30
Jiangsu,Mainland China,32.9711,119.455,2020-01-31T00:00:00Z,168,129,39
Jiangsu,Mainland China,32.9711,119.455,2020-02-01T00:00:00Z,202,168,34
Jiangsu,Mainland China,32.9711,119.455,2020-02-02T00:00:00Z,236,202,34
Jiangsu,Mainland China,32.9711,119.455,2020-02-03T00:00:00Z,271,236,35
Jiangsu,Mainland China,32.9711,119.455,2020-02-04T00:00:00Z,308,271,37
Jiangsu,Mainland China,32.9711,119.455,2020-02-05T00:00:00Z,341,308,33
Jiangsu,Mainland China,32.9711,119.455,2020-02-06T00:00:00Z,373,341,32
Jiangsu,Mainland China,32.9711,119.455,2020-02-07T00:00:00Z,408,373,35
Jiangsu,Mainland China,32.9711,119.455,2020-02-08T00:00:00Z,439,408,31
Jiangsu,Mainland China,32.9711,119.455,2020-02-09T00:00:00Z,468,439,29
Jiangsu,Mainland China,32.9711,119.455,2020-02-10T00:00:00Z,492,468,24
Jiangsu,Mainland China,32.9711,119.455,2020-02-11T00:00:00Z,515,492,23
Jiangsu,Mainland China,32.9711,119.455,2020-02-12T00:00:00Z,543,515,28
Jiangsu,Mainland China,32.9711,119.455,2020-02-13T00:00:00Z,570,543,27
Jiangsu,Mainland China,32.9711,119.455,2020-02-14T00:00:00Z,593,570,23
Jiangsu,Mainland China,32.9711,119.455,2020-02-15T00:00:00Z,604,593,11
Jiangsu,Mainland China,32.9711,119.455,2020-02-16T00:00:00Z,617,604,13
Jiangsu,Mainland China,32.9711,119.455,2020-02-17T00:00:00Z,626,617,9
Jiangsu,Mainland China,32.9711,119.455,2020-02-18T00:00:00Z,629,626,3
Jiangsu,Mainland China,32.9711,119.455,2020-02-19T00:00:00Z,631,629,2
Jiangsu,Mainland China,32.9711,119.455,2020-02-20T00:00:00Z,631,631,0
Jiangsu,Mainland China,32.9711,119.455,2020-02-21T00:00:00Z,631,631,0
Jiangsu,Mainland China,32.9711,119.455,2020-02-22T00:00:00Z,631,631,0
Jiangsu,Mainland China,32.9711,119.455,2020-02-23T00:00:00Z,631,631,0
Jiangsu,Mainland China,32.9711,119.455,2020-02-24T00:00:00Z,631,631,0
Jiangsu,Mainland China,32.9711,119.455,2020-02-25T00:00:00Z,631,631,0
Jiangsu,Mainland China,32.9711,119.455,2020-02-26T00:00:00Z,631,631,0
Jiangsu,Mainland China,32.9711,119.455,2020-02-27T00:00:00Z,631,631,0
Jiangsu,Mainland China,32.9711,119.455,2020-02-28T00:00:00Z,631,631,0
Jiangsu,Mainland China,32.9711,119.455,2020-02-29T00:00:00Z,631,631,0
Jiangsu,Mainland China,32.9711,119.455,2020-03-01T00:00:00Z,631,631,0
Jiangsu,Mainland China,32.9711,119.455,2020-03-02T00:00:00Z,631,631,0
Jiangsu,Mainland China,32.9711,119.455,2020-03-03T00:00:00Z,631,631,0
Chongqing,Mainland China,30.0572,107.874,2020-01-23T00:00:00Z,9,6,3
Chongqing,Mainland China,30.0572,107.874,2020-01-24T00:00:00Z,27,9,18
Chongqing,Mainland China,30.0572,107.874,2020-01-25T00:00:00Z,57,27,30
Chongqing,Mainland China,30.0572,107.874,2020-01-26T00:00:00Z,75,57,18
Chongqing,Mainland China,30.0572,107.874,2020-01-27T00:00:00Z,110,75,35
Chongqing,Mainland China,30.0572,107.874,2020-01-28T00:00:00Z,132,110,22
Chongqing,Mainland China,30.0572,107.874,2020-01-29T00:00:00Z,147,132,15
Chongqing,Mainland China,30.0572,107.874,2020-01-30T00:00:00Z,182,147,35
Chongqing,Mainland China,30.0572,107.874,2020-01-31T00:00:00Z,211,182,29
Chongqing,Mainland China,30.0572,107.874,2020-02-01T00:00:00Z,247,211,36
Chongqing,Mainland China,30.0572,107.874,2020-02-02T00:00:00Z,300,247,53
Chongqing,Mainland China,30.0572,107.874,2020-02-03T00:00:00Z,337,300,37
Chongqing,Mainland China,30.0572,107.874,2020-02-04T00:00:00Z,366,337,29
Chongqing,Mainland China,30.0572,107.874,2020-02-05T00:00:00Z,389,366,23
Chongqing,Mainland China,30.0572,107.874,2020-02-06T00:00:00Z,411,389,22
Chongqing,Mainland China,30.0572,107.874,2020-02-07T00:00:00Z,426,411,15
Chongqing,Mainland China,30.0572,107.874,2020-02-08T00:00:00Z,428,426,2
Chongqing,Mainland China,30.0572,107.874,2020-02-09T00:00:00Z,468,428,40
Chongqing,Mainland China,30.0572,107.874,2020-02-10T00:00:00Z,486,468,18
Chongqing,Mainland China,30.0572,107.874,2020-02-11T00:00:00Z,505,486,19
Chongqing,Mainland China,30.0572,107.874,2020-02-12T00:00:00Z,518,505,13
Chongqing,Mainland China,30.0572,107.874,2020-02-13T00:00:00Z,529,518,11
Chongqing,Mainland China,30.0572,107.874,2020-02-14T00:00:00Z,537,529,8
Chongqing,Mainland China,30.0572,107.874,2020-02-15T00:00:00Z,544,537,7
Chongqing,Mainland China,30.0572,107.874,2020-02-16T00:00:00Z,551,544,7
Chongqing,Mainland China,30.0572,107.874,2020-02-17T00:00:00Z,553,551,2
Chongqing,Mainland China,30.0572,107.874,2020-02-18T00:00:00Z,555,553,2
Chongqing,Mainland China,30.0572,107.874,2020-02-19T00:00:00Z,560,555,5
Chongqing,Mainland China,30.0572,107.874,2020-02-20T00:00:00Z,567,560,7
Chongqing,Mainland China,30.0572,107.874,2020-02-21T00:00:00Z,572,567,5
Chongqing,Mainland China,30.0572,107.874,2020-02-22T00:00:00Z,573,572,1
Chongqing,Mainland China,30.0572,107.874,2020-02-23T00:00:00Z,575,573,2
Chongqing,Mainland China,30.0572,107.874,2020-02-24T00:00:00Z,576,575,1
Chongqing,Mainland China,30.0572,107.874,2020-02-25T00:00:00Z,576,576,0
Chongqing,Mainland China,30.0572,107.874,2020-02-26T00:00:00Z,576,576,0
Chongqing,Mainland China,30.0572,107.874,2020-02-27T00:00:00Z,576,576,0
Chongqing,Mainland China,30.0572,107.874,2020-02-28T00:00:00Z,576,576,0
Chongqing,Mainland China,30.0572,107.874,2020-02-29T00:00:00Z,576,576,0
Chongqing,Mainland China,30.0572,107.874,2020-03-01T00:00:00Z,576,576,0
Chongqing,Mainland China,30.0572,107.874,2020-03-02T00:00:00Z,576,576,0
Chongqing,Mainland China,30.0572,107.874,2020-03-03T00:00:00Z,576,576,0
Sichuan,Mainland China,30.6171,102.7103,2020-01-23T00:00:00Z,8,5,3
Sichuan,Mainland China,30.6171,102.7103,2020-01-24T00:00:00Z,15,8,7
Sichuan,Mainland China,30.6171,102.7103,2020-01-25T00:00:00Z,28,15,13
Sichuan,Mainland China,30.6171,102.7103,2020-01-26T00:00:00Z,44,28,16
Sichuan,Mainland China,30.6171,102.7103,2020-01-27T00:00:00Z,69,44,25
Sichuan,Mainland China,30.6171,102.7103,2020-01-28T00:00:00Z,90,69,21
Sichuan,Mainland China,30.6171,102.7103,2020-01-29T00:00:00Z,108,90,18
Sichuan,Mainland China,30.6171,102.7103,2020-01-30T00:00:00Z,142,108,34
Sichuan,Mainland China,30.6171,102.7103,2020-01-31T00:00:00Z,177,142,35
Sichuan,Mainland China,30.6171,102.7103,2020-02-01T00:00:00Z,207,177,30
Sichuan,Mainland China,30.6171,102.7103,2020-02-02T00:00:00Z,231,207,24
Sichuan,Mainland China,30.6171,102.7103,2020-02-03T00:00:00Z,254,231,23
Sichuan,Mainland China,30.6171,102.7103,2020-02-04T00:00:00Z,282,254,28
Sichuan,Mainland China,30.6171,102.7103,2020-02-05T00:00:00Z,301,282,19
Sichuan,Mainland China,30.6171,102.7103,2020-02-06T00:00:00Z,321,301,20
Sichuan,Mainland China,30.6171,102.7103,2020-02-07T00:00:00Z,344,321,23
Sichuan,Mainland China,30.6171,102.7103,2020-02-08T00:00:00Z,364,344,20
Sichuan,Mainland China,30.6171,102.7103,2020-02-09T00:00:00Z,386,364,22
Sichuan,Mainland China,30.6171,102.7103,2020-02-10T00:00:00Z,405,386,19
Sichuan,Mainland China,30.6171,102.7103,2020-02-11T00:00:00Z,417,405,12
Sichuan,Mainland China,30.6171,102.7103,2020-02-12T00:00:00Z,436,417,19
Sichuan,Mainland China,30.6171,102.7103,2020-02-13T00:00:00Z,451,436,15
Sichuan,Mainland China,30.6171,102.7103,2020-02-14T00:00:00Z,463,451,12
Sichuan,Mainland China,30.6171,102.7103,2020-02-15T00:00:00Z,470,463,7
Sichuan,Mainland China,30.6171,102.7103,2020-02-16T00:00:00Z,481,470,11
Sichuan,Mainland China,30.6171,102.7103,2020-02-17T00:00:00Z,495,481,14
Sichuan,Mainland China,30.6171,102.7103,2020-02-18T00:00:00Z,508,495,13
Sichuan,Mainland China,30.6171,102.7103,2020-02-19T00:00:00Z,514,508,6
Sichuan,Mainland China,30.6171,102.7103,2020-02-20T00:00:00Z,520,514,6
Sichuan,Mainland China,30.6171,102.7103,2020-02-21T00:00:00Z,525,520,5
Sichuan,Mainland China,30.6171,102.7103,2020-02-22T00:00:00Z,526,525,1
Sichuan,Mainland China,30.6171,102.7103,2020-02-23T00:00:00Z,526,526,0
Sichuan,Mainland China,30.6171,102.7103,2020-02-24T00:00:00Z,527,526,1
Sichuan,Mainland China,30.6171,102.7103,2020-02-25T00:00:00Z,529,527,2
Sichuan,Mainland China,30.6171,102.7103,2020-02-26T00:00:00Z,531,529,2
Sichuan,Mainland China,30.6171,102.7103,2020-02-27T00:00:00Z,534,531,3
Sichuan,Mainland China,30.6171,102.7103,2020-02-28T00:00:00Z,538,534,4
Sichuan,Mainland China,30.6171,102.7103,2020-02-29T00:00:00Z,538,538,0
Sichuan,Mainland China,30.6171,102.7103,2020-03-01T00:00:00Z,538,538,0
Sichuan,Mainland China,30.6171,102.7103,2020-03-02T00:00:00Z,538,538,0
Sichuan,Mainland China,30.6171,102.7103,2020-03-03T00:00:00Z,538,538,0
Heilongjiang,Mainland China,47.862,127.7615,2020-01-23T00:00:00Z,2,0,2
Heilongjiang,Mainland China,47.862,127.7615,2020-01-24T00:00:00Z,4,2,2
Heilongjiang,Mainland China,47.862,127.7615,2020-01-25T00:00:00Z,9,4,5
Heilongjiang,Mainland China,47.862,127.7615,2020-01-26T00:00:00Z,15,9,6
Heilongjiang,Mainland China,47.862,127.7615,2020-01-27T00:00:00Z,21,15,6
Heilongjiang,Mainland China,47.862,127.7615,2020-01-28T00:00:00Z,33,21,12
Heilongjiang,Mainland China,47.862,127.7615,2020-01-29T00:00:00Z,38,33,5
Heilongjiang,Mainland China,47.862,127.7615,2020-01-30T00:00:00Z,44,38,6
Heilongjiang,Mainland China,47.862,127.7615,2020-01-31T00:00:00Z,59,44,15
Heilongjiang,Mainland China,47.862,127.7615,2020-02-01T00:00:00Z,80,59,21
Heilongjiang,Mainland China,47.862,127.7615,2020-02-02T00:00:00Z,95,80,15
Heilongjiang,Mainland China,47.862,127.7615,2020-02-03T00:00:00Z,121,95,26
Heilongjiang,Mainland China,47.862,127.7615,2020-02-04T00:00:00Z,155,121,34
Heilongjiang,Mainland China,47.862,127.7615,2020-02-05T00:00:00Z,190,155,35
Heilongjiang,Mainland China,47.862,127.7615,2020-02-06T00:00:00Z,227,190,37
Heilongjiang,Mainland China,47.862,127.7615,2020-02-07T00:00:00Z,277,227,50
Heilongjiang,Mainland China,47.862,127.7615,2020-02-08T00:00:00Z,295,277,18
Heilongjiang,Mainland China,47.862,127.7615,2020-02-09T00:00:00Z,307,295,12
Heilongjiang,Mainland China,47.862,127.7615,2020-02-10T00:00:00Z,331,307,24
Heilongjiang,Mainland China,47.862,127.7615,2020-02-11T00:00:00Z,360,331,29
Heilongjiang,Mainland China,47.862,127.7615,2020-02-12T00:00:00Z,378,360,18
Heilongjiang,Mainland China,47.862,127.7615,2020-02-13T00:00:00Z,395,378,17
Heilongjiang,Mainland China,47.862,127.7615,2020-02-14T00:00:00Z,419,395,24
Heilongjiang,Mainland China,47.862,127.7615,2020-02-15T00:00:00Z,425,419,6
Heilongjiang,Mainland China,47.862,127.7615,2020-02-16T00:00:00Z,445,425,20
Heilongjiang,Mainland China,47.862,127.7615,2020-02-17T00:00:00Z,457,445,12
Heilongjiang,Mainland China,47.862,127.7615,2020-02-18T00:00:00Z,464,457,7
Heilongjiang,Mainland China,47.862,127.7615,2020-02-19T00:00:00Z,470,464,6
Heilongjiang,Mainland China,47.862,127.7615,2020-02-20T00:00:00Z,476,470,6
Heilongjiang,Mainland China,47.862,127.7615,2020-02-21T00:00:00Z,479,476,3
Heilongjiang,Mainland China,47.862,127.7615,2020-02-22T00:00:00Z,479,479,0
Heilongjiang,Mainland China,47.862,127.7615,2020-02-23T00:00:00Z,480,479,1
Heilongjiang,Mainland China,47.862,127.7615,2020-02-24T00:00:00Z,480,480,0
Heilongjiang,Mainland China,47.862,127.7615,2020-02-25T00:00:00Z,480,480,0
Heilongjiang,Mainland China,47.862,127.7615,2020-02-26T00:00:00Z,480,480,0
Heilongjiang,Mainland China,47.862,127.7615,2020-02-27T00:00:00Z,480,480,0
Heilongjiang,Mainland China,47.862,127.7615,2020-02-28T00:00:00Z,480,480,0
Heilongjiang,Mainland China,47.862,127.7615,2020-02-29T00:00:00Z,480,480,0
Heilongjiang,Mainland China,47.862,127.7615,2020-03-01T00:00:00Z,480,480,0
Heilongjiang,Mainland China,47.862,127.7615,2020-03-02T00:00:00Z,480,480,0
Heilongjiang,Mainland China,47.862,127.7615,2020-03-03T00:00:00Z,480,480,0
Beijing,Mainland China,40.1824,116.4142,2020-01-23T00:00:00Z,22,14,8
Beijing,Mainland China,40.1824,116.4142,2020-01-24T00:00:00Z,36,22,14
Beijing,Mainland China,40.1824,116.4142,2020-01-25T00:00:00Z,41,36,5
Beijing,Mainland China,40.1824,116.4142,2020-01-26T00:00:00Z,68,41,27
Beijing,Mainland China,40.1824,116.4142,2020-01-27T00:00:00Z,80,68,12
Beijing,Mainland China,40.1824,116.4142,2020-01-28T00:00:00Z,91,80,11
Beijing,Mainland China,40.1824,116.4142,2020-01-29T00:00:00Z,111,91,20
Beijing,Mainland China,40.1824,116.4142,2020-01-30T00:00:00Z,114,111,3
Beijing,Mainland China,40.1824,116.4142,2020-01-31T00:00:00Z,139,114,25
Beijing,Mainland China,40.1824,116.4142,2020-02-01T00:00:00Z,168,139,29
Beijing,Mainland China,40.1824,116.4142,2020-02-02T00:00:00Z,191,168,23
Beijing,Mainland China,40.1824,116.4142,2020-02-03T00:00:00Z,212,191,21
Beijing,Mainland China,40.1824,116.4142,2020-02-04T00:00:00Z,228,212,16
Beijing,Mainland China,40.1824,116.4142,2020-02-05T00:00:00Z,253,228,25
Beijing,Mainland China,40.1824,116.4142,2020-02-06T00:00:00Z,274,253,21
Beijing,Mainland China,40.1824,116.4142,2020-02-07T00:00:00Z,297,274,23
Beijing,Mainland China,40.1824,116.4142,2020-02-08T00:00:00Z,315,297,18
Beijing,Mainland China,40.1824,116.4142,2020-02-09T00:00:00Z,326,315,11
Beijing,Mainland China,40.1824,116.4142,2020-02-10T00:00:00Z,337,326,11
Beijing,Mainland China,40.1824,116.4142,2020-02-11T00:00:00Z,342,337,5
Beijing,Mainland China,40.1824,116.4142,2020-02-12T00:00:00Z,352,342,10
Beijing,Mainland China,40.1824,116.4142,2020-02-13T00:00:00Z,366,352,14
Beijing,Mainland China,40.1824,116.4142,2020-02-14T00:00:00Z,372,366,6
Beijing,Mainland China,40.1824,116.4142,2020-02-15T00:00:00Z,375,372,3
Beijing,Mainland China,40.1824,116.4142,2020-02-16T00:00:00Z,380,375,5
Beijing,Mainland China,40.1824,116.4142,2020-02-17T00:00:00Z,381,380,1
Beijing,Mainland China,40.1824,116.4142,2020-02-18T00:00:00Z,387,381,6
Beijing,Mainland China,40.1824,116.4142,2020-02-19T00:00:00Z,393,387,6
Beijing,Mainland China,40.1824,116.4142,2020-02-20T00:00:00Z,395,393,2
Beijing,Mainland China,40.1824,116.4142,2020-02-21T00:00:00Z,396,395,1
Beijing,Mainland China,40.1824,116.4142,2020-02-22T00:00:00Z,399,396,3
Beijing,Mainland China,40.1824,116.4142,2020-02-23T00:00:00Z,399,399,0
Beijing,Mainland China,40.1824,116.4142,2020-02-24T00:00:00Z,399,399,0
Beijing,Mainland China,40.1824,116.4142,2020-02-25T00:00:00Z,400,399,1
Beijing,Mainland China,40.1824,116.4142,2020-02-26T00:00:00Z,400,400,0
Beijing,Mainland China,40.1824,116.4142,2020-02-27T00:00:00Z,410,400,10
Beijing,Mainland China,40.1824,116.4142,2020-02-28T00:00:00Z,410,410,0
Beijing,Mainland China,40.1824,116.4142,2020-02-29T00:00:00Z,411,410,1
Beijing,Mainland China,40.1824,116.4142,2020-03-01T00:00:00Z,413,411,2
Beijing,Mainland China,40.1824,116.4142,2020-03-02T00:00:00Z,414,413,1
Beijing,Mainland China,40.1824,116.4142,2020-03-03T00:00:00Z,414,414,0
Shanghai,Mainland China,31.202,121.4491,2020-01-23T00:00:00Z,16,9,7
Shanghai,Mainland China,31.202,121.4491,2020-01-24T00:00:00Z,20,16,4
Shanghai,Mainland China,31.202,121.4491,2020-01-25T00:00:00Z,33,20,13
Shanghai,Mainland China,31.202,121.4491,2020-01-26T00:00:00Z,40,33,7
Shanghai,Mainland China,31.202,121.4491,2020-01-27T00:00:00Z,53,40,13
Shanghai,Mainland China,31.202,121.4491,2020-01-28T00:00:00Z,66,53,13
Shanghai,Mainland China,31.202,121.4491,2020-01-29T00:00:00Z,96,66,30
Shanghai,Mainland China,31.202,121.4491,2020-01-30T00:00:00Z,112,96,16
Shanghai,Mainland China,31.202,121.4491,2020-01-31T00:00:00Z,135,112,23
Shanghai,Mainland China,31.202,121.4491,2020-02-01T00:00:00Z,169,135,34
Shanghai,Mainland China,31.202,121.4491,2020-02-02T00:00:00Z,182,169,13
Shanghai,Mainland China,31.202,121.4491,2020-02-03T00:00:00Z,203,182,21
Shanghai,Mainland China,31.202,121.4491,2020-02-04T00:00:00Z,219,203,16
Shanghai,Mainland China,31.202,121.4491,2020-02-05T00:00:00Z,243,219,24
Shanghai,Mainland China,31.202,121.4491,2020-02-06T00:00:00Z,257,243,14
Shanghai,Mainland China,31.202,121.4491,2020-02-07T00:00:00Z,277,257,20
Shanghai,Mainland China,31.202,121.4491,2020-02-08T00:00:00Z,286,277,9
Shanghai,Mainland China,31.202,121.4491,2020-02-09T00:00:00Z,293,286,7
Shanghai,Mainland China,31.202,121.4491,2020-02-10T00:00:00Z,299,293,6
Shanghai,Mainland China,31.202,121.4491,2020-02-11T00:00:00Z,303,299,4
Shanghai,Mainland China,31.202,121.4491,2020-02-12T00:00:00Z,311,303,8
Shanghai,Mainland China,31.202,121.4491,2020-02-13T00:00:00Z,315,311,4
Shanghai,Mainland China,31.202,121.4491,2020-02-14T00:00:00Z,318,315,3
Shanghai,Mainland China,31.202,121.4491,2020-02-15T00:00:00Z,326,318,8
Shanghai,Mainland China,31.202,121.4491,2020-02-16T00:00:00Z,328,326,2
Shanghai,Mainland China,31.202,121.4491,2020-02-17T00:00:00Z,333,328,5
Shanghai,Mainland China,31.202,121.4491,2020-02-18T00:00:00Z,333,333,0
Shanghai,Mainland China,31.202,121.4491,2020-02-19T00:00:00Z,333,333,0
Shanghai,Mainland China,31.202,121.4491,2020-02-20T00:00:00Z,334,333,1
Shanghai,Mainland China,31.202,121.4491,2020-02-21T00:00:00Z,334,334,0
Shanghai,Mainland China,31.202,121.4491,2020-02-22T00:00:00Z,335,334,1
Shanghai,Mainland China,31.202,121.4491,2020-02-23T00:00:00Z,335,335,0
Shanghai,Mainland China,31.202,121.4491,2020-02-24T00:00:00Z,335,335,0
Shanghai,Mainland China,31.202,121.4491,2020-02-25T00:00:00Z,336,335,1
Shanghai,Mainland China,31.202,121.4491,2020-02-26T00:00:00Z,337,336,1
Shanghai,Mainland China,31.202,121.4491,2020-02-27T00:00:00Z,337,337,0
Shanghai,Mainland China,31.202,121.4491,2020-02-28T00:00:00Z,337,337,0
Shanghai,Mainland China,31.202,121.4491,2020-02-29T00:00:00Z,337,337,0
Shanghai,Mainland China,31.202,121.4491,2020-03-01T00:00:00Z,337,337,0
Shanghai,Mainland China,31.202,121.4491,2020-03-02T00:00:00Z,337,337,0
Shanghai,Mainland China,31.202,121.4491,2020-03-03T00:00:00Z,338,337,1
Hebei,Mainland China,38.0428,114.5149,2020-01-23T00:00:00Z,1,1,0
Hebei,Mainland China,38.0428,114.5149,2020-01-24T00:00:00Z,2,1,1
Hebei,Mainland China,38.0428,114.5149,2020-01-25T00:00:00Z,8,2,6
Hebei,Mainland China,38.0428,114.5149,2020-01-26T00:00:00Z,13,8,5
Hebei,Mainland China,38.0428,114.5149,2020-01-27T00:00:00Z,18,13,5
Hebei,Mainland China,38.0428,114.5149,2020-01-28T00:00:00Z,33,18,15
Hebei,Mainland China,38.0428,114.5149,2020-01-29T00:00:00Z,48,33,15
Hebei,Mainland China,38.0428,114.5149,2020-01-30T00:00:00Z,65,48,17
Hebei,Mainland China,38.0428,114.5149,2020-01-31T00:00:00Z,82,65,17
Hebei,Mainland China,38.0428,114.5149,2020-02-01T00:00:00Z,96,82,14
Hebei,Mainland China,38.0428,114.5149,2020-02-02T00:00:00Z,104,96,8
Hebei,Mainland China,38.0428,114.5149,2020-02-03T00:00:00Z,113,104,9
Hebei,Mainland China,38.0428,114.5149,2020-02-04T00:00:00Z,126,113,13
Hebei,Mainland China,38.0428,114.5149,2020-02-05T00:00:00Z,135,126,9
Hebei,Mainland China,38.0428,114.5149,2020-02-06T00:00:00Z,157,135,22
Hebei,Mainland China,38.0428,114.5149,2020-02-07T00:00:00Z,172,157,15
Hebei,Mainland China,38.0428,114.5149,2020-02-08T00:00:00Z,195,172,23
Hebei,Mainland China,38.0428,114.5149,2020-02-09T00:00:00Z,206,195,11
Hebei,Mainland China,38.0428,114.5149,2020-02-10T00:00:00Z,218,206,12
Hebei,Mainland China,38.0428,114.5149,2020-02-11T00:00:00Z,239,218,21
Hebei,Mainland China,38.0428,114.5149,2020-02-12T00:00:00Z,251,239,12
Hebei,Mainland China,38.0428,114.5149,2020-02-13T00:00:00Z,265,251,14
Hebei,Mainland China,38.0428,114.5149,2020-02-14T00:00:00Z,283,265,18
Hebei,Mainland China,38.0428,114.5149,2020-02-15T00:00:00Z,291,283,8
Hebei,Mainland China,38.0428,114.5149,2020-02-16T00:00:00Z,300,291,9
Hebei,Mainland China,38.0428,114.5149,2020-02-17T00:00:00Z,301,300,1
Hebei,Mainland China,38.0428,114.5149,2020-02-18T00:00:00Z,306,301,5
Hebei,Mainland China,38.0428,114.5149,2020-02-19T00:00:00Z,306,306,0
Hebei,Mainland China,38.0428,114.5149,2020-02-20T00:00:00Z,307,306,1
Hebei,Mainland China,38.0428,114.5149,2020-02-21T00:00:00Z,308,307,1
Hebei,Mainland China,38.0428,114.5149,2020-02-22T00:00:00Z,309,308,1
Hebei,Mainland China,38.0428,114.5149,2020-02-23T00:00:00Z,311,309,2
Hebei,Mainland China,38.0428,114.5149,2020-02-24T00:00:00Z,311,311,0
Hebei,Mainland China,38.0428,114.5149,2020-02-25T00:00:00Z,311,311,0
Hebei,Mainland China,38.0428,114.5149,2020-02-26T00:00:00Z,312,311,1
Hebei,Mainland China,38.0428,114.5149,2020-02-27T00:00:00Z,317,312,5
Hebei,Mainland China,38.0428,114.5149,2020-02-28T00:00:00Z,318,317,1
Hebei,Mainland China,38.0428,114.5149,2020-02-29T00:00:00Z,318,318,0
Hebei,Mainland China,38.0428,114.5149,2020-03-01T00:00:00Z,318,318,0
Hebei,Mainland China,38.0428,114.5149,2020-03-02T00:00:00Z,318,318,0
Hebei,Mainland China,38.0428,114.5149,2020-03-03T00:00:00Z,318,318,0
Fujian,Mainland China,26.0789,117.9874,2020-01-23T00:00:00Z,5,1,4
Fujian,Mainland China,26.0789,117.9874,2020-01-24T00:00:00Z,10,5,5
Fujian,Mainland China,26.0789,117.9874,2020-01-25T00:00:00Z,18,10,8
Fujian,Mainland China,26.0789,117.9874,2020-01-26T00:00:00Z,35,18,17
Fujian,Mainland China,26.0789,117.9874,2020-01-27T00:00:00Z,59,35,24
Fujian,Mainland China,26.0789,117.9874,2020-01-28T00:00:00Z,80,59,21
Fujian,Mainland China,26.0789,117.9874,2020-01-29T00:00:00Z,84,80,4
Fujian,Mainland China,26.0789,117.9874,2020-01-30T00:00:00Z,101,84,17
Fujian,Mainland China,26.0789,117.9874,2020-01-31T00:00:00Z,120,101,19
Fujian,Mainland China,26.0789,117.9874,2020-02-01T00:00:00Z,144,120,24
Fujian,Mainland China,26.0789,117.9874,2020-02-02T00:00:00Z,159,144,15
Fujian,Mainland China,26.0789,117.9874,2020-02-03T00:00:00Z,179,159,20
Fujian,Mainland China,26.0789,117.9874,2020-02-04T00:00:00Z,194,179,15
Fujian,Mainland China,26.0789,117.9874,2020-02-05T00:00:00Z,205,194,11
Fujian,Mainland China,26.0789,117.9874,2020-02-06T00:00:00Z,215,205,10
Fujian,Mainland China,26.0789,117.9874,2020-02-07T00:00:00Z,224,215,9
Fujian,Mainland China,26.0789,117.9874,2020-02-08T00:00:00Z,239,224,15
Fujian,Mainland China,26.0789,117.9874,2020-02-09T00:00:00Z,250,239,11
Fujian,Mainland China,26.0789,117.9874,2020-02-10T00:00:00Z,261,250,11
Fujian,Mainland China,26.0789,117.9874,2020-02-11T00:00:00Z,267,261,6
Fujian,Mainland China,26.0789,117.9874,2020-02-12T00:00:00Z,272,267,5
Fujian,Mainland China,26.0789,117.9874,2020-02-13T00:00:00Z,279,272,7
Fujian,Mainland China,26.0789,117.9874,2020-02-14T00:00:00Z,281,279,2
Fujian,Mainland China,26.0789,117.9874,2020-02-15T00:00:00Z,285,281,4
Fujian,Mainland China,26.0789,117.9874,2020-02-16T00:00:00Z,287,285,2
Fujian,Mainland China,26.0789,117.9874,2020-02-17T00:00:00Z,290,287,3
Fujian,Mainland China,26.0789,117.9874,2020-02-18T00:00:00Z,292,290,2
Fujian,Mainland China,26.0789,117.9874,2020-02-19T00:00:00Z,293,292,1
Fujian,Mainland China,26.0789,117.9874,2020-02-20T00:00:00Z,293,293,0
Fujian,Mainland China,26.0789,117.9874,2020-02-21T00:00:00Z,293,293,0
Fujian,Mainland China,26.0789,117.9874,2020-02-22T00:00:00Z,293,293,0
Fujian,Mainland China,26.0789,117.9874,2020-02-23T00:00:00Z,293,293,0
Fujian,Mainland China,26.0789,117.9874,2020-02-24T00:00:00Z,293,293,0
Fujian,Mainland China,26.0789,117.9874,2020-02-25T00:00:00Z,294,293,1
Fujian,Mainland China,26.0789,117.9874,2020-02-26T00:00:00Z,294,294,0
Fujian,Mainland China,26.0789,117.9874,2020-02-27T00:00:00Z,296,294,2
Fujian,Mainland China,26.0789,117.9874,2020-02-28T00:00:00Z,296,296,0
Fujian,Mainland China,26.0789,117.9874,2020-02-29T00:00:00Z,296,296,0
Fujian,Mainland China,26.0789,117.9874,2020-03-01T00:00:00Z,296,296,0
Fujian,Mainland China,26.0789,117.9874,2020-03-02T00:00:00Z,296,296,0
Fujian,Mainland China,26.0789,117.9874,2020-03-03T00:00:00Z,296,296,0
Guangxi,Mainland China,23.8298,108.7881,2020-01-23T00:00:00Z,5,2,3
Guangxi,Mainland China,23.8298,108.7881,2020-01-24T00:00:00Z,23,5,18
Guangxi,Mainland China,23.8298,108.7881,2020-01-25T00:00:00Z,23,23,0
Guangxi,Mainland China,23.8298,108.7881,2020-01-26T00:00:00Z,36,23,13
Guangxi,Mainland China,23.8298,108.7881,2020-01-27T00:00:00Z,46,36,10
Guangxi,Mainland China,23.8298,108.7881,2020-01-28T00:00:00Z,51,46,5
Guangxi,Mainland China,23.8298,108.7881,2020-01-29T00:00:00Z,58,51,7
Guangxi,Mainland China,23.8298,108.7881,2020-01-30T00:00:00Z,78,58,20
Guangxi,Mainland China,23.8298,108.7881,2020-01-31T00:00:00Z,87,78,9
Guangxi,Mainland China,23.8298,108.7881,2020-02-01T00:00:00Z,100,87,13
Guangxi,Mainland China,23.8298,108.7881,2020-02-02T00:00:00Z,111,100,11
Guangxi,Mainland China,23.8298,108.7881,2020-02-03T00:00:00Z,127,111,16
Guangxi,Mainland China,23.8298,108.7881,2020-02-04T00:00:00Z,139,127,12
Guangxi,Mainland China,23.8298,108.7881,2020-02-05T00:00:00Z,150,139,11
Guangxi,Mainland China,23.8298,108.7881,2020-02-06T00:00:00Z,168,150,18
Guangxi,Mainland China,23.8298,108.7881,2020-02-07T00:00:00Z,172,168,4
Guangxi,Mainland China,23.8298,108.7881,2020-02-08T00:00:00Z,183,172,11
Guangxi,Mainland China,23.8298,108.7881,2020-02-09T00:00:00Z,195,183,12
Guangxi,Mainland China,23.8298,108.7881,2020-02-10T00:00:00Z,210,195,15
Guangxi,Mainland China,23.8298,108.7881,2020-02-11T00:00:00Z,215,210,5
Guangxi,Mainland China,23.8298,108.7881,2020-02-12T00:00:00Z,222,215,7
Guangxi,Mainland China,23.8298,108.7881,2020-02-13T00:00:00Z,222,222,0
Guangxi,Mainland China,23.8298,108.7881,2020-02-14T00:00:00Z,226,222,4
Guangxi,Mainland China,23.8298,108.7881,2020-02-15T00:00:00Z,235,226,9
Guangxi,Mainland China,23.8298,108.7881,2020-02-16T00:00:00Z,237,235,2
Guangxi,Mainland China,23.8298,108.7881,2020-02-17T00:00:00Z,238,237,1
Guangxi,Mainland China,23.8298,108.7881,2020-02-18T00:00:00Z,242,238,4
Guangxi,Mainland China,23.8298,108.7881,2020-02-19T00:00:00Z,244,242,2
Guangxi,Mainland China,23.8298,108.7881,2020-02-20T00:00:00Z,245,244,1
Guangxi,Mainland China,23.8298,108.7881,2020-02-21T00:00:00Z,246,245,1
Guangxi,Mainland China,23.8298,108.7881,2020-02-22T00:00:00Z,249,246,3
Guangxi,Mainland China,23.8298,108.7881,2020-02-23T00:00:00Z,249,249,0
Guangxi,Mainland China,23.8298,108.7881,2020-02-24T00:00:00Z,251,249,2
Guangxi,Mainland China,23.8298,108.7881,2020-02-25T00:00:00Z,252,251,1
Guangxi,Mainland China,23.8298,108.7881,2020-02-26T00:00:00Z,252,252,0
Guangxi,Mainland China,23.8298,108.7881,2020-02-27T00:00:00Z,252,252,0
Guangxi,Mainland China,23.8298,108.7881,2020-02-28T00:00:00Z,252,252,0
Guangxi,Mainland China,23.8298,108.7881,2020-02-29T00:00:00Z,252,252,0
Guangxi,Mainland China,23.8298,108.7881,2020-03-01T00:00:00Z,252,252,0
Guangxi,Mainland China,23.8298,108.7881,2020-03-02T00:00:00Z,252,252,0
Guangxi,Mainland China,23.8298,108.7881,2020-03-03T00:00:00Z,252,252,0
Shaanxi,Mainland China,35.1917,108.8701,2020-01-23T00:00:00Z,3,0,3
Shaanxi,Mainland China,35.1917,108.8701,2020-01-24T00:00:00Z,5,3,2
Shaanxi,Mainland China,35.1917,108.8701,2020-01-25T00:00:00Z,15,5,10
Shaanxi,Mainland China,35.1917,108.8701,2020-01-26T00:00:00Z,22,15,7
Shaanxi,Mainland China,35.1917,108.8701,2020-01-27T00:00:00Z,35,22,13
Shaanxi,Mainland China,35.1917,108.8701,2020-01-28T00:00:00Z,46,35,11
Shaanxi,Mainland China,35.1917,108.8701,2020-01-29T00:00:00Z,56,46,10
Shaanxi,Mainland China,35.1917,108.8701,2020-01-30T00:00:00Z,63,56,7
Shaanxi,Mainland China,35.1917,108.8701,2020-01-31T00:00:00Z,87,63,24
Shaanxi,Mainland China,35.1917,108.8701,2020-02-01T00:00:00Z,101,87,14
Shaanxi,Mainland China,35.1917,108.8701,2020-02-02T00:00:00Z,116,101,15
Shaanxi,Mainland China,35.1917,108.8701,2020-02-03T00:00:00Z,128,116,12
Shaanxi,Mainland China,35.1917,108.8701,2020-02-04T00:00:00Z,142,128,14
Shaanxi,Mainland China,35.1917,108.8701,2020-02-05T00:00:00Z,165,142,23
Shaanxi,Mainland China,35.1917,108.8701,2020-02-06T00:00:00Z,173,165,8
Shaanxi,Mainland China,35.1917,108.8701,2020-02-07T00:00:00Z,184,173,11
Shaanxi,Mainland China,35.1917,108.8701,2020-02-08T00:00:00Z,195,184,11
Shaanxi,Mainland China,35.1917,108.8701,2020-02-09T00:00:00Z,208,195,13
Shaanxi,Mainland China,35.1917,108.8701,2020-02-10T00:00:00Z,213,208,5
Shaanxi,Mainland China,35.1917,108.8701,2020-02-11T00:00:00Z,219,213,6
Shaanxi,Mainland China,35.1917,108.8701,2020-02-12T00:00:00Z,225,219,6
Shaanxi,Mainland China,35.1917,108.8701,2020-02-13T00:00:00Z,229,225,4
Shaanxi,Mainland China,35.1917,108.8701,2020-02-14T00:00:00Z,230,229,1
Shaanxi,Mainland China,35.1917,108.8701,2020-02-15T00:00:00Z,232,230,2
Shaanxi,Mainland China,35.1917,108.8701,2020-02-16T00:00:00Z,236,232,4
Shaanxi,Mainland China,35.1917,108.8701,2020-02-17T00:00:00Z,240,236,4
Shaanxi,Mainland China,35.1917,108.8701,2020-02-18T00:00:00Z,240,240,0
Shaanxi,Mainland China,35.1917,108.8701,2020-02-19T00:00:00Z,242,240,2
Shaanxi,Mainland China,35.1917,108.8701,2020-02-20T00:00:00Z,245,242,3
Shaanxi,Mainland China,35.1917,108.8701,2020-02-21T00:00:00Z,245,245,0
Shaanxi,Mainland China,35.1917,108.8701,2020-02-22T00:00:00Z,245,245,0
Shaanxi,Mainland China,35.1917,108.8701,2020-02-23T00:00:00Z,245,245,0
Shaanxi,Mainland China,35.1917,108.8701,2020-02-24T00:00:00Z,245,245,0
Shaanxi,Mainland China,35.1917,108.8701,2020-02-25T00:00:00Z,245,245,0
Shaanxi,Mainland China,35.1917,108.8701,2020-02-26T00:00:00Z,245,245,0
Shaanxi,Mainland China,35.1917,108.8701,2020-02-27T00:00:00Z,245,245,0
Shaanxi,Mainland China,35.1917,108.8701,2020-02-28T00:00:00Z,245,245,0
Shaanxi,Mainland China,35.1917,108.8701,2020-02-29T00:00:00Z,245,245,0
Shaanxi,Mainland China,35.1917,108.8701,2020-03-01T00:00:00Z,245,245,0
Shaanxi,Mainland China,35.1917,108.8701,2020-03-02T00:00:00Z,245,245,0
Shaanxi,Mainland China,35.1917,108.8701,2020-03-03T00:00:00Z,245,245,0
Yunnan,Mainland China,24.974,101.487,2020-01-23T00:00:00Z,2,1,1
Yunnan,Mainland China,24.974,101.487,2020-01-24T00:00:00Z,5,2,3
Yunnan,Mainland China,24.974,101.487,2020-01-25T00:00:00Z,11,5,6
Yunnan,Mainland China,24.974,101.487,2020-01-26T00:00:00Z,16,11,5
Yunnan,Mainland China,24.974,101.487,2020-01-27T00:00:00Z,26,16,10
Yunnan,Mainland China,24.974,101.487,2020-01-28T00:00:00Z,44,26,18
Yunnan,Mainland China,24.974,101.487,2020-01-29T00:00:00Z,55,44,11
Yunnan,Mainland China,24.974,101.487,2020-01-30T00:00:00Z,70,55,15
Yunnan,Mainland China,24.974,101.487,2020-01-31T00:00:00Z,83,70,13
Yunnan,Mainland China,24.974,101.487,2020-02-01T00:00:00Z,93,83,10
Yunnan,Mainland China,24.974,101.487,2020-02-02T00:00:00Z,105,93,12
Yunnan,Mainland China,24.974,101.487,2020-02-03T00:00:00Z,117,105,12
Yunnan,Mainland China,24.974,101.487,2020-02-04T00:00:00Z,122,117,5
Yunnan,Mainland China,24.974,101.487,2020-02-05T00:00:00Z,128,122,6
Yunnan,Mainland China,24.974,101.487,2020-02-06T00:00:00Z,133,128,5
Yunnan,Mainland China,24.974,101.487,2020-02-07T00:00:00Z,138,133,5
Yunnan,Mainland China,24.974,101.487,2020-02-08T00:00:00Z,138,138,0
Yunnan,Mainland China,24.974,101.487,2020-02-09T00:00:00Z,141,138,3
Yunnan,Mainland China,24.974,101.487,2020-02-10T00:00:00Z,149,141,8
Yunnan,Mainland China,24.974,101.487,2020-02-11T00:00:00Z,153,149,4
Yunnan,Mainland China,24.974,101.487,2020-02-12T00:00:00Z,154,153,1
Yunnan,Mainland China,24.974,101.487,2020-02-13T00:00:00Z,156,154,2
Yunnan,Mainland China,24.974,101.487,2020-02-14T00:00:00Z,162,156,6
Yunnan,Mainland China,24.974,101.487,2020-02-15T00:00:00Z,168,162,6
Yunnan,Mainland China,24.974,101.487,2020-02-16T00:00:00Z,171,168,3
Yunnan,Mainland China,24.974,101.487,2020-02-17T00:00:00Z,171,171,0
Yunnan,Mainland China,24.974,101.487,2020-02-18T00:00:00Z,172,171,1
Yunnan,Mainland China,24.974,101.487,2020-02-19T00:00:00Z,172,172,0
Yunnan,Mainland China,24.974,101.487,2020-02-20T00:00:00Z,174,172,2
Yunnan,Mainland China,24.974,101.487,2020-02-21T00:00:00Z,174,174,0
Yunnan,Mainland China,24.974,101.487,2020-02-22T00:00:00Z,174,174,0
Yunnan,Mainland China,24.974,101.487,2020-02-23T00:00:00Z,174,174,0
Yunnan,Mainland China,24.974,101.487,2020-02-24T00:00:00Z,174,174,0
Yunnan,Mainland China,24.974,101.487,2020-02-25T00:00:00Z,174,174,0
Yunnan,Mainland China,24.974,101.487,2020-02-26T00:00:00Z,174,174,0
Yunnan,Mainland China,24.974,101.487,2020-02-27T00:00:00Z,174,174,0
Yunnan,Mainland China,24.974,101.487,2020-02-28T00:00:00Z,174,174,0
Yunnan,Mainland China,24.974,101.487,2020-02-29T00:00:00Z,174,174,0
Yunnan,Mainland China,24.974,101.487,2020-03-01T00:00:00Z,174,174,0
Yunnan,Mainland China,24.974,101.487,2020-03-02T00:00:00Z,174,174,0
Yunnan,Mainland China,24.974,101.487,2020-03-03T00:00:00Z,174,174,0
Hainan,Mainland China,19.1959,109.7453,2020-01-23T00:00:00Z,5,4,1
Hainan,Mainland China,19.1959,109.7453,2020-01-24T00:00:00Z,8,5,3
Hainan,Mainland China,19.1959,109.7453,2020-01-25T00:00:00Z,19,8,11
Hainan,Mainland China,19.1959,109.7453,2020-01-26T00:00:00Z,22,19,3
Hainan,Mainland China,19.1959,109.7453,2020-01-27T00:00:00Z,33,22,11
Hainan,Mainland China,19.1959,109.7453,2020-01-28T00:00:00Z,40,33,7
Hainan,Mainland China,19.1959,109.7453,2020-01-29T00:00:00Z,43,40,3
Hainan,Mainland China,19.1959,109.7453,2020-01-30T00:00:00Z,46,43,3
Hainan,Mainland China,19.1959,109.7453,2020-01-31T00:00:00Z,52,46,6
Hainan,Mainland China,19.1959,109.7453,2020-02-01T00:00:00Z,62,52,10
Hainan,Mainland China,19.1959,109.7453,2020-02-02T00:00:00Z,64,62,2
Hainan,Mainland China,19.1959,109.7453,2020-02-03T00:00:00Z,72,64,8
Hainan,Mainland China,19.1959,109.7453,2020-02-04T00:00:00Z,80,72,8
Hainan,Mainland China,19.1959,109.7453,2020-02-05T00:00:00Z,99,80,19
Hainan,Mainland China,19.1959,109.7453,2020-02-06T00:00:00Z,106,99,7
Hainan,Mainland China,19.1959,109.7453,2020-02-07T00:00:00Z,117,106,11
Hainan,Mainland China,19.1959,109.7453,2020-02-08T00:00:00Z,124,117,7
Hainan,Mainland China,19.1959,109.7453,2020-02-09T00:00:00Z,131,124,7
Hainan,Mainland China,19.1959,109.7453,2020-02-10T00:00:00Z,138,131,7
Hainan,Mainland China,19.1959,109.7453,2020-02-11T00:00:00Z,144,138,6
Hainan,Mainland China,19.1959,109.7453,2020-02-12T00:00:00Z,157,144,13
Hainan,Mainland China,19.1959,109.7453,2020-02-13T00:00:00Z,157,157,0
Hainan,Mainland China,19.1959,109.7453,2020-02-14T00:00:00Z,159,157,2
Hainan,Mainland China,19.1959,109.7453,2020-02-15T00:00:00Z,162,159,3
Hainan,Mainland China,19.1959,109.7453,2020-02-16T00:00:00Z,162,162,0
Hainan,Mainland China,19.1959,109.7453,2020-02-17T00:00:00Z,163,162,1
Hainan,Mainland China,19.1959,109.7453,2020-02-18T00:00:00Z,163,163,0
Hainan,Mainland China,19.1959,109.7453,2020-02-19T00:00:00Z,168,163,5
Hainan,Mainland China,19.1959,109.7453,2020-02-20T00:00:00Z,168,168,0
Hainan,Mainland China,19.1959,109.7453,2020-02-21T00:00:00Z,168,168,0
Hainan,Mainland China,19.1959,109.7453,2020-02-22T00:00:00Z,168,168,0
Hainan,Mainland China,19.1959,109.7453,2020-02-23T00:00:00Z,168,168,0
Hainan,Mainland China,19.1959,109.7453,2020-02-24T00:00:00Z,168,168,0
Hainan,Mainland China,19.1959,109.7453,2020-02-25T00:00:00Z,168,168,0
Hainan,Mainland China,19.1959,109.7453,2020-02-26T00:00:00Z,168,168,0
Hainan,Mainland China,19.1959,109.7453,2020-02-27T00:00:00Z,168,168,0
Hainan,Mainland China,19.1959,109.7453,2020-02-28T00:00:00Z,168,168,0
Hainan,Mainland China,19.1959,109.7453,2020-02-29T00:00:00Z,168,168,0
Hainan,Mainland China,19.1959,109.7453,2020-03-01T00:00:00Z,168,168,0
Hainan,Mainland China,19.1959,109.7453,2020-03-02T00:00:00Z,168,168,0
Hainan,Mainland China,19.1959,109.7453,2020-03-03T00:00:00Z,168,168,0
Guizhou,Mainland China,26.8154,106.8748,2020-01-23T00:00:00Z,3,1,2
Guizhou,Mainland China,26.8154,106.8748,2020-01-24T00:00:00Z,3,3,0
Guizhou,Mainland China,26.8154,106.8748,2020-01-25T00:00:00Z,4,3,1
Guizhou,Mainland China,26.8154,106.8748,2020-01-26T00:00:00Z,5,4,1
Guizhou,Mainland China,26.8154,106.8748,2020-01-27T00:00:00Z,7,5,2
Guizhou,Mainland China,26.8154,106.8748,2020-01-28T00:00:00Z,9,7,2
Guizhou,Mainland China,26.8154,106.8748,2020-01-29T00:00:00Z,9,9,0
Guizhou,Mainland China,26.8154,106.8748,2020-01-30T00:00:00Z,12,9,3
Guizhou,Mainland China,26.8154,106.8748,2020-01-31T00:00:00Z,29,12,17
Guizhou,Mainland China,26.8154,106.8748,2020-02-01T00:00:00Z,29,29,0
Guizhou,Mainland China,26.8154,106.8748,2020-02-02T00:00:00Z,38,29,9
Guizhou,Mainland China,26.8154,106.8748,2020-02-03T00:00:00Z,46,38,8
Guizhou,Mainland China,26.8154,106.8748,2020-02-04T00:00:00Z,58,46,12
Guizhou,Mainland China,26.8154,106.8748,2020-02-05T00:00:00Z,64,58,6
Guizhou,Mainland China,26.8154,106.8748,2020-02-06T00:00:00Z,71,64,7
Guizhou,Mainland China,26.8154,106.8748,2020-02-07T00:00:00Z,81,71,10
Guizhou,Mainland China,26.8154,106.8748,2020-02-08T00:00:00Z,89,81,8
Guizhou,Mainland China,26.8154,106.8748,2020-02-09T00:00:00Z,99,89,10
Guizhou,Mainland China,26.8154,106.8748,2020-02-10T00:00:00Z,109,99,10
Guizhou,Mainland China,26.8154,106.8748,2020-02-11T00:00:00Z,127,109,18
Guizhou,Mainland China,26.8154,106.8748,2020-02-12T00:00:00Z,133,127,6
Guizhou,Mainland China,26.8154,106.8748,2020-02-13T00:00:00Z,135,133,2
Guizhou,Mainland China,26.8154,106.8748,2020-02-14T00:00:00Z,140,135,5
Guizhou,Mainland China,26.8154,106.8748,2020-02-15T00:00:00Z,143,140,3
Guizhou,Mainland China,26.8154,106.8748,2020-02-16T00:00:00Z,144,143,1
Guizhou,Mainland China,26.8154,106.8748,2020-02-17T00:00:00Z,146,144,2
Guizhou,Mainland China,26.8154,106.8748,2020-02-18T00:00:00Z,146,146,0
Guizhou,Mainland China,26.8154,106.8748,2020-02-19T00:00:00Z,146,146,0
Guizhou,Mainland China,26.8154,106.8748,2020-02-20T00:00:00Z,146,146,0
Guizhou,Mainland China,26.8154,106.8748,2020-02-21T00:00:00Z,146,146,0
Guizhou,Mainland China,26.8154,106.8748,2020-02-22T00:00:00Z,146,146,0
Guizhou,Mainland China,26.8154,106.8748,2020-02-23T00:00:00Z,146,146,0
Guizhou,Mainland China,26.8154,106.8748,2020-02-24T00:00:00Z,146,146,0
Guizhou,Mainland China,26.8154,106.8748,2020-02-25T00:00:00Z,146,146,0
Guizhou,Mainland China,26.8154,106.8748,2020-02-26T00:00:00Z,146,146,0
Guizhou,Mainland China,26.8154,106.8748,2020-02-27T00:00:00Z,146,146,0
Guizhou,Mainland China,26.8154,106.8748,2020-02-28T00:00:00Z,146,146,0
Guizhou,Mainland China,26.8154,106.8748,2020-02-29T00:00:00Z,146,146,0
Guizhou,Mainland China,26.8154,106.8748,2020-03-01T00:00:00Z,146,146,0
Guizhou,Mainland China,26.8154,106.8748,2020-03-02T00:00:00Z,146,146,0
Guizhou,Mainland China,26.8154,106.8748,2020-03-03T00:00:00Z,146,146,0
Tianjin,Mainland China,39.3054,117.323,2020-01-23T00:00:00Z,4,4,0
Tianjin,Mainland China,39.3054,117.323,2020-01-24T00:00:00Z,8,4,4
Tianjin,Mainland China,39.3054,117.323,2020-01-25T00:00:00Z,10,8,2
Tianjin,Mainland China,39.3054,117.323,2020-01-26T00:00:00Z,14,10,4
Tianjin,Mainland China,39.3054,117.323,2020-01-27T00:00:00Z,23,14,9
Tianjin,Mainland China,39.3054,117.323,2020-01-28T00:00:00Z,24,23,1
Tianjin,Mainland China,39.3054,117.323,2020-01-29T00:00:00Z,27,24,3
Tianjin,Mainland China,39.3054,117.323,2020-01-30T00:00:00Z,31,27,4
Tianjin,Mainland China,39.3054,117.323,2020-01-31T00:00:00Z,32,31,1
Tianjin,Mainland China,39.3054,117.323,2020-02-01T00:00:00Z,41,32,9
Tianjin,Mainland China,39.3054,117.323,2020-02-02T00:00:00Z,48,41,7
Tianjin,Mainland China,39.3054,117.323,2020-02-03T00:00:00Z,60,48,12
Tianjin,Mainland China,39.3054,117.323,2020-02-04T00:00:00Z,67,60,7
Tianjin,Mainland China,39.3054,117.323,2020-02-05T00:00:00Z,69,67,2
Tianjin,Mainland China,39.3054,117.323,2020-02-06T00:00:00Z,79,69,10
Tianjin,Mainland China,39.3054,117.323,2020-02-07T00:00:00Z,81,79,2
Tianjin,Mainland China,39.3054,117.323,2020-02-08T00:00:00Z,88,81,7
Tianjin,Mainland China,39.3054,117.323,2020-02-09T00:00:00Z,91,88,3
Tianjin,Mainland China,39.3054,117.323,2020-02-10T00:00:00Z,95,91,4
Tianjin,Mainland China,39.3054,117.323,2020-02-11T00:00:00Z,106,95,11
Tianjin,Mainland China,39.3054,117.323,2020-02-12T00:00:00Z,112,106,6
Tianjin,Mainland China,39.3054,117.323,2020-02-13T00:00:00Z,119,112,7
Tianjin,Mainland China,39.3054,117.323,2020-02-14T00:00:00Z,120,119,1
Tianjin,Mainland China,39.3054,117.323,2020-02-15T00:00:00Z,122,120,2
Tianjin,Mainland China,39.3054,117.323,2020-02-16T00:00:00Z,124,122,2
Tianjin,Mainland China,39.3054,117.323,2020-02-17T00:00:00Z,125,124,1
Tianjin,Mainland China,39.3054,117.323,2020-02-18T00:00:00Z,128,125,3
Tianjin,Mainland China,39.3054,117.323,2020-02-19T00:00:00Z,130,128,2
Tianjin,Mainland China,39.3054,117.323,2020-02-20T00:00:00Z,131,130,1
Tianjin,Mainland China,39.3054,117.323,2020-02-21T00:00:00Z,132,131,1
Tianjin,Mainland China,39.3054,117.323,2020-02-22T00:00:00Z,135,132,3
Tianjin,Mainland China,39.3054,117.323,2020-02-23T00:00:00Z,135,135,0
Tianjin,Mainland China,39.3054,117.323,2020-02-24T00:00:00Z,135,135,0
Tianjin,Mainland China,39.3054,117.323,2020-02-25T00:00:00Z,135,135,0
Tianjin,Mainland China,39.3054,117.323,2020-02-26T00:00:00Z,135,135,0
Tianjin,Mainland China,39.3054,117.323,2020-02-27T00:00:00Z,136,135,1
Tianjin,Mainland China,39.3054,117.323,2020-02-28T00:00:00Z,136,136,0
Tianjin,Mainland China,39.3054,117.323,2020-02-29T00:00:00Z,136,136,0
Tianjin,Mainland China,39.3054,117.323,2020-03-01T00:00:00Z,136,136,0
Tianjin,Mainland China,39.3054,117.323,2020-03-02T00:00:00Z,136,136,0
Tianjin,Mainland China,39.3054,117.323,2020-03-03T00:00:00Z,136,136,0
Shanxi,Mainland China,37.5777,112.2922,2020-01-23T00:00:00Z,1,1,0
Shanxi,Mainland China,37.5777,112.2922,2020-01-24T00:00:00Z,1,1,0
Shanxi,Mainland China,37.5777,112.2922,2020-01-25T00:00:00Z,6,1,5
Shanxi,Mainland China,37.5777,112.2922,2020-01-26T00:00:00Z,9,6,3
Shanxi,Mainland China,37.5777,112.2922,2020-01-27T00:00:00Z,13,9,4
Shanxi,Mainland China,37.5777,112.2922,2020-01-28T00:00:00Z,27,13,14
Shanxi,Mainland China,37.5777,112.2922,2020-01-29T00:00:00Z,27,27,0
Shanxi,Mainland China,37.5777,112.2922,2020-01-30T00:00:00Z,35,27,8
Shanxi,Mainland China,37.5777,112.2922,2020-01-31T00:00:00Z,39,35,4
Shanxi,Mainland China,37.5777,112.2922,2020-02-01T00:00:00Z,47,39,8
Shanxi,Mainland China,37.5777,112.2922,2020-02-02T00:00:00Z,66,47,19
Shanxi,Mainland China,37.5777,112.2922,2020-02-03T00:00:00Z,74,66,8
Shanxi,Mainland China,37.5777,112.2922,2020-02-04T00:00:00Z,81,74,7
Shanxi,Mainland China,37.5777,112.2922,2020-02-05T00:00:00Z,81,81,0
Shanxi,Mainland China,37.5777,112.2922,2020-02-06T00:00:00Z,96,81,15
Shanxi,Mainland China,37.5777,112.2922,2020-02-07T00:00:00Z,104,96,8
Shanxi,Mainland China,37.5777,112.2922,2020-02-08T00:00:00Z,115,104,11
Shanxi,Mainland China,37.5777,112.2922,2020-02-09T00:00:00Z,119,115,4
Shanxi,Mainland China,37.5777,112.2922,2020-02-10T00:00:00Z,119,119,0
Shanxi,Mainland China,37.5777,112.2922,2020-02-11T00:00:00Z,124,119,5
Shanxi,Mainland China,37.5777,112.2922,2020-02-12T00:00:00Z,126,124,2
Shanxi,Mainland China,37.5777,112.2922,2020-02-13T00:00:00Z,126,126,0
Shanxi,Mainland China,37.5777,112.2922,2020-02-14T00:00:00Z,127,126,1
Shanxi,Mainland China,37.5777,112.2922,2020-02-15T00:00:00Z,128,127,1
Shanxi,Mainland China,37.5777,112.2922,2020-02-16T00:00:00Z,129,128,1
Shanxi,Mainland China,37.5777,112.2922,2020-02-17T00:00:00Z,130,129,1
Shanxi,Mainland China,37.5777,112.2922,2020-02-18T00:00:00Z,131,130,1
Shanxi,Mainland China,37.5777,112.2922,2020-02-19T00:00:00Z,131,131,0
Shanxi,Mainland China,37.5777,112.2922,2020-02-20T00:00:00Z,132,131,1
Shanxi,Mainland China,37.5777,112.2922,2020-02-21T00:00:00Z,132,132,0
Shanxi,Mainland China,37.5777,112.2922,2020-02-22T00:00:00Z,132,132,0
Shanxi,Mainland China,37.5777,112.2922,2020-02-23T00:00:00Z,132,132,0
Shanxi,Mainland China,37.5777,112.2922,2020-02-24T00:00:00Z,133,132,1
Shanxi,Mainland China,37.5777,112.2922,2020-02-25T00:00:00Z,133,133,0
Shanxi,Mainland China,37.5777,112.2922,2020-02-26T00:00:00Z,133,133,0
Shanxi,Mainland China,37.5777,112.2922,2020-02-27T00:00:00Z,133,133,0
Shanxi,Mainland China,37.5777,112.2922,2020-02-28T00:00:00Z,133,133,0
Shanxi,Mainland China,37.5777,112.2922,2020-02-29T00:00:00Z,133,133,0
Shanxi,Mainland China,37.5777,112.2922,2020-03-01T00:00:00Z,133,133,0
Shanxi,Mainland China,37.5777,112.2922,2020-03-02T00:00:00Z,133,133,0
Shanxi,Mainland China,37.5777,112.2922,2020-03-03T00:00:00Z,133,133,0
Liaoning,Mainland China,41.2956,122.6085,2020-01-23T00:00:00Z,3,2,1
Liaoning,Mainland China,41.2956,122.6085,2020-01-24T00:00:00Z,4,3,1
Liaoning,Mainland China,41.2956,122.6085,2020-01-25T00:00:00Z,17,4,13
Liaoning,Mainland China,41.2956,122.6085,2020-01-26T00:00:00Z,21,17,4
Liaoning,Mainland China,41.2956,122.6085,2020-01-27T00:00:00Z,27,21,6
Liaoning,Mainland China,41.2956,122.6085,2020-01-28T00:00:00Z,34,27,7
Liaoning,Mainland China,41.2956,122.6085,2020-01-29T00:00:00Z,39,34,5
Liaoning,Mainland China,41.2956,122.6085,2020-01-30T00:00:00Z,41,39,2
Liaoning,Mainland China,41.2956,122.6085,2020-01-31T00:00:00Z,48,41,7
Liaoning,Mainland China,41.2956,122.6085,2020-02-01T00:00:00Z,64,48,16
Liaoning,Mainland China,41.2956,122.6085,2020-02-02T00:00:00Z,70,64,6
Liaoning,Mainland China,41.2956,122.6085,2020-02-03T00:00:00Z,74,70,4
Liaoning,Mainland China,41.2956,122.6085,2020-02-04T00:00:00Z,81,74,7
Liaoning,Mainland China,41.2956,122.6085,2020-02-05T00:00:00Z,89,81,8
Liaoning,Mainland China,41.2956,122.6085,2020-02-06T00:00:00Z,94,89,5
Liaoning,Mainland China,41.2956,122.6085,2020-02-07T00:00:00Z,99,94,5
Liaoning,Mainland China,41.2956,122.6085,2020-02-08T00:00:00Z,105,99,6
Liaoning,Mainland China,41.2956,122.6085,2020-02-09T00:00:00Z,107,105,2
Liaoning,Mainland China,41.2956,122.6085,2020-02-10T00:00:00Z,108,107,1
Liaoning,Mainland China,41.2956,122.6085,2020-02-11T00:00:00Z,111,108,3
Liaoning,Mainland China,41.2956,122.6085,2020-02-12T00:00:00Z,116,111,5
Liaoning,Mainland China,41.2956,122.6085,2020-02-13T00:00:00Z,117,116,1
Liaoning,Mainland China,41.2956,122.6085,2020-02-14T00:00:00Z,119,117,2
Liaoning,Mainland China,41.2956,122.6085,2020-02-15T00:00:00Z,119,119,0
Liaoning,Mainland China,41.2956,122.6085,2020-02-16T00:00:00Z,121,119,2
Liaoning,Mainland China,41.2956,122.6085,2020-02-17T00:00:00Z,121,121,0
Liaoning,Mainland China,41.2956,122.6085,2020-02-18T00:00:00Z,121,121,0
Liaoning,Mainland China,41.2956,122.6085,2020-02-19T00:00:00Z,121,121,0
Liaoning,Mainland China,41.2956,122.6085,2020-02-20T00:00:00Z,121,121,0
Liaoning,Mainland China,41.2956,122.6085,2020-02-21T00:00:00Z,121,121,0
Liaoning,Mainland China,41.2956,122.6085,2020-02-22T00:00:00Z,121,121,0
Liaoning,Mainland China,41.2956,122.6085,2020-02-23T00:00:00Z,121,121,0
Liaoning,Mainland China,41.2956,122.6085,2020-02-24T00:00:00Z,121,121,0
Liaoning,Mainland China,41.2956,122.6085,2020-02-25T00:00:00Z,121,121,0
Liaoning,Mainland China,41.2956,122.6085,2020-02-26T00:00:00Z,121,121,0
Liaoning,Mainland China,41.2956,122.6085,2020-02-27T00:00:00Z,121,121,0
Liaoning,Mainland China,41.2956,122.6085,2020-02-28T00:00:00Z,121,121,0
Liaoning,Mainland China,41.2956,122.6085,2020-02-29T00:00:00Z,121,121,0
Liaoning,Mainland China,41.2956,122.6085,2020-03-01T00:00:00Z,122,121,1
Liaoning,Mainland China,41.2956,122.6085,2020-03-02T00:00:00Z,122,122,0
Liaoning,Mainland China,41.2956,122.6085,2020-03-03T00:00:00Z,125,122,3
Jilin,Mainland China,43.6661,126.1923,2020-01-23T00:00:00Z,1,0,1
Jilin,Mainland China,43.6661,126.1923,2020-01-24T00:00:00Z,3,1,2
Jilin,Mainland China,43.6661,126.1923,2020-01-25T00:00:00Z,4,3,1
Jilin,Mainland China,43.6661,126.1923,2020-01-26T00:00:00Z,4,4,0
Jilin,Mainland China,43.6661,126.1923,2020-01-27T00:00:00Z,6,4,2
Jilin,Mainland China,43.6661,126.1923,2020-01-28T00:00:00Z,8,6,2
Jilin,Mainland China,43.6661,126.1923,2020-01-29T00:00:00Z,9,8,1
Jilin,Mainland China,43.6661,126.1923,2020-01-30T00:00:00Z,14,9,5
Jilin,Mainland China,43.6661,126.1923,2020-01-31T00:00:00Z,14,14,0
Jilin,Mainland China,43.6661,126.1923,2020-02-01T00:00:00Z,17,14,3
Jilin,Mainland China,43.6661,126.1923,2020-02-02T00:00:00Z,23,17,6
Jilin,Mainland China,43.6661,126.1923,2020-02-03T00:00:00Z,31,23,8
Jilin,Mainland China,43.6661,126.1923,2020-02-04T00:00:00Z,42,31,11
Jilin,Mainland China,43.6661,126.1923,2020-02-05T00:00:00Z,54,42,12
Jilin,Mainland China,43.6661,126.1923,2020-02-06T00:00:00Z,59,54,5
Jilin,Mainland China,43.6661,126.1923,2020-02-07T00:00:00Z,65,59,6
Jilin,Mainland China,43.6661,126.1923,2020-02-08T00:00:00Z,69,65,4
Jilin,Mainland China,43.6661,126.1923,2020-02-09T00:00:00Z,78,69,9
Jilin,Mainland China,43.6661,126.1923,2020-02-10T00:00:00Z,80,78,2
Jilin,Mainland China,43.6661,126.1923,2020-02-11T00:00:00Z,81,80,1
Jilin,Mainland China,43.6661,126.1923,2020-02-12T00:00:00Z,83,81,2
Jilin,Mainland China,43.6661,126.1923,2020-02-13T00:00:00Z,84,83,1
Jilin,Mainland China,43.6661,126.1923,2020-02-14T00:00:00Z,86,84,2
Jilin,Mainland China,43.6661,126.1923,2020-02-15T00:00:00Z,88,86,2
Jilin,Mainland China,43.6661,126.1923,2020-02-16T00:00:00Z,89,88,1
Jilin,Mainland China,43.6661,126.1923,2020-02-17T00:00:00Z,89,89,0
Jilin,Mainland China,43.6661,126.1923,2020-02-18T00:00:00Z,89,89,0
Jilin,Mainland China,43.6661,126.1923,2020-02-19T00:00:00Z,90,89,1
Jilin,Mainland China,43.6661,126.1923,2020-02-20T00:00:00Z,91,90,1
Jilin,Mainland China,43.6661,126.1923,2020-02-21T00:00:00Z,91,91,0
Jilin,Mainland China,43.6661,126.1923,2020-02-22T00:00:00Z,91,91,0
Jilin,Mainland China,43.6661,126.1923,2020-02-23T00:00:00Z,91,91,0
Jilin,Mainland China,43.6661,126.1923,2020-02-24T00:00:00Z,93,91,2
Jilin,Mainland China,43.6661,126.1923,2020-02-25T00:00:00Z,93,93,0
Jilin,Mainland China,43.6661,126.1923,2020-02-26T00:00:00Z,93,93,0
Jilin,Mainland China,43.6661,126.1923,2020-02-27T00:00:00Z,93,93,0
Jilin,Mainland China,43.6661,126.1923,2020-02-28T00:00:00Z,93,93,0
Jilin,Mainland China,43.6661,126.1923,2020-02-29T00:00:00Z,93,93,0
Jilin,Mainland China,43.6661,126.1923,2020-03-01T00:00:00Z,93,93,0
Jilin,Mainland China,43.6661,126.1923,2020-03-02T00:00:00Z,93,93,0
Jilin,Mainland China,43.6661,126.1923,2020-03-03T00:00:00Z,93,93,0
Gansu,Mainland China,36.0611,103.8343,2020-01-23T00:00:00Z,2,0,2
Gansu,Mainland China,36.0611,103.8343,2020-01-24T00:00:00Z,2,2,0
Gansu,Mainland China,36.0611,103.8343,2020-01-25T00:00:00Z,4,2,2
Gansu,Mainland China,36.0611,103.8343,2020-01-26T00:00:00Z,7,4,3
Gansu,Mainland China,36.0611,103.8343,2020-01-27T00:00:00Z,14,7,7
Gansu,Mainland China,36.0611,103.8343,2020-01-28T00:00:00Z,19,14,5
Gansu,Mainland China,36.0611,103.8343,2020-01-29T00:00:00Z,24,19,5
Gansu,Mainland China,36.0611,103.8343,2020-01-30T00:00:00Z,26,24,2
Gansu,Mainland China,36.0611,103.8343,2020-01-31T00:00:00Z,29,26,3
Gansu,Mainland China,36.0611,103.8343,2020-02-01T00:00:00Z,40,29,11
Gansu,Mainland China,36.0611,103.8343,2020-02-02T00:00:00Z,51,40,11
Gansu,Mainland China,36.0611,103.8343,2020-02-03T00:00:00Z,55,51,4
Gansu,Mainland China,36.0611,103.8343,2020-02-04T00:00:00Z,57,55,2
Gansu,Mainland China,36.0611,103.8343,2020-02-05T00:00:00Z,62,57,5
Gansu,Mainland China,36.0611,103.8343,2020-02-06T00:00:00Z,62,62,0
Gansu,Mainland China,36.0611,103.8343,2020-02-07T00:00:00Z,67,62,5
Gansu,Mainland China,36.0611,103.8343,2020-02-08T00:00:00Z,79,67,12
Gansu,Mainland China,36.0611,103.8343,2020-02-09T00:00:00Z,83,79,4
Gansu,Mainland China,36.0611,103.8343,2020-02-10T00:00:00Z,83,83,0
Gansu,Mainland China,36.0611,103.8343,2020-02-11T00:00:00Z,86,83,3
Gansu,Mainland China,36.0611,103.8343,2020-02-12T00:00:00Z,87,86,1
Gansu,Mainland China,36.0611,103.8343,2020-02-13T00:00:00Z,90,87,3
Gansu,Mainland China,36.0611,103.8343,2020-02-14T00:00:00Z,90,90,0
Gansu,Mainland China,36.0611,103.8343,2020-02-15T00:00:00Z,90,90,0
Gansu,Mainland China,36.0611,103.8343,2020-02-16T00:00:00Z,90,90,0
Gansu,Mainland China,36.0611,103.8343,2020-02-17T00:00:00Z,91,90,1
Gansu,Mainland China,36.0611,103.8343,2020-02-18T00:00:00Z,91,91,0
Gansu,Mainland China,36.0611,103.8343,2020-02-19T00:00:00Z,91,91,0
Gansu,Mainland China,36.0611,103.8343,2020-02-20T00:00:00Z,91,91,0
Gansu,Mainland China,36.0611,103.8343,2020-02-21T00:00:00Z,91,91,0
Gansu,Mainland China,36.0611,103.8343,2020-02-22T00:00:00Z,91,91,0
Gansu,Mainland China,36.0611,103.8343,2020-02-23T00:00:00Z,91,91,0
Gansu,Mainland China,36.0611,103.8343,2020-02-24T00:00:00Z,91,91,0
Gansu,Mainland China,36.0611,103.8343,2020-02-25T00:00:00Z,91,91,0
Gansu,Mainland China,36.0611,103.8343,2020-02-26T00:00:00Z,91,91,0
Gansu,Mainland China,36.0611,103.8343,2020-02-27T00:00:00Z,91,91,0
Gansu,Mainland China,36.0611,103.8343,2020-02-28T00:00:00Z,91,91,0
Gansu,Mainland China,36.0611,103.8343,2020-02-29T00:00:00Z,91,91,0
Gansu,Mainland China,36.0611,103.8343,2020-03-01T00:00:00Z,91,91,0
Gansu,Mainland China,36.0611,103.8343,2020-03-02T00:00:00Z,91,91,0
Gansu,Mainland China,36.0611,103.8343,2020-03-03T00:00:00Z,91,91,0
Xinjiang,Mainland China,41.1129,85.2401,2020-01-23T00:00:00Z,2,0,2
Xinjiang,Mainland China,41.1129,85.2401,2020-01-24T00:00:00Z,2,2,0
Xinjiang,Mainland China,41.1129,85.2401,2020-01-25T00:00:00Z,3,2,1
Xinjiang,Mainland China,41.1129,85.2401,2020-01-26T00:00:00Z,4,3,1
Xinjiang,Mainland China,41.1129,85.2401,2020-01-27T00:00:00Z,5,4,1
Xinjiang,Mainland China,41.1129,85.2401,2020-01-28T00:00:00Z,10,5,5
Xinjiang,Mainland China,41.1129,85.2401,2020-01-29T00:00:00Z,13,10,3
Xinjiang,Mainland China,41.1129,85.2401,2020-01-30T00:00:00Z,14,13,1
Xinjiang,Mainland China,41.1129,85.2401,2020-01-31T00:00:00Z,17,14,3
Xinjiang,Mainland China,41.1129,85.2401,2020-02-01T00:00:00Z,18,17,1
Xinjiang,Mainland China,41.1129,85.2401,2020-02-02T00:00:00Z,21,18,3
Xinjiang,Mainland China,41.1129,85.2401,2020-02-03T00:00:00Z,24,21,3
Xinjiang,Mainland China,41.1129,85.2401,2020-02-04T00:00:00Z,29,24,5
Xinjiang,Mainland China,41.1129,85.2401,2020-02-05T00:00:00Z,32,29,3
Xinjiang,Mainland China,41.1129,85.2401,2020-02-06T00:00:00Z,36,32,4
Xinjiang,Mainland China,41.1129,85.2401,2020-02-07T00:00:00Z,39,36,3
Xinjiang,Mainland China,41.1129,85.2401,2020-02-08T00:00:00Z,42,39,3
Xinjiang,Mainland China,41.1129,85.2401,2020-02-09T00:00:00Z,45,42,3
Xinjiang,Mainland China,41.1129,85.2401,2020-02-10T00:00:00Z,49,45,4
Xinjiang,Mainland China,41.1129,85.2401,2020-02-11T00:00:00Z,55,49,6
Xinjiang,Mainland China,41.1129,85.2401,2020-02-12T00:00:00Z,59,55,4
Xinjiang,Mainland China,41.1129,85.2401,2020-02-13T00:00:00Z,63,59,4
Xinjiang,Mainland China,41.1129,85.2401,2020-02-14T00:00:00Z,65,63,2
Xinjiang,Mainland China,41.1129,85.2401,2020-02-15T00:00:00Z,70,65,5
Xinjiang,Mainland China,41.1129,85.2401,2020-02-16T00:00:00Z,71,70,1
Xinjiang,Mainland China,41.1129,85.2401,2020-02-17T00:00:00Z,75,71,4
Xinjiang,Mainland China,41.1129,85.2401,2020-02-18T00:00:00Z,76,75,1
Xinjiang,Mainland China,41.1129,85.2401,2020-02-19T00:00:00Z,76,76,0
Xinjiang,Mainland China,41.1129,85.2401,2020-02-20T00:00:00Z,76,76,0
Xinjiang,Mainland China,41.1129,85.2401,2020-02-21T00:00:00Z,76,76,0
Xinjiang,Mainland China,41.1129,85.2401,2020-02-22T00:00:00Z,76,76,0
Xinjiang,Mainland China,41.1129,85.2401,2020-02-23T00:00:00Z,76,76,0
Xinjiang,Mainland China,41.1129,85.2401,2020-02-24T00:00:00Z,76,76,0
Xinjiang,Mainland China,41.1129,85.2401,2020-02-25T00:00:00Z,76,76,0
Xinjiang,Mainland China,41.1129,85.2401,2020-02-26T00:00:00Z,76,76,0
Xinjiang,Mainland China,41.1129,85.2401,2020-02-27T00:00:00Z,76,76,0
Xinjiang,Mainland China,41.1129,85.2401,2020-02-28T00:00:00Z,76,76,0
Xinjiang,Mainland China,41.1129,85.2401,2020-02-29T00:00:00Z,76,76,0
Xinjiang,Mainland China,41.1129,85.2401,2020-03-01T00:00:00Z,76,76,0
Xinjiang,Mainland China,41.1129,85.2401,2020-03-02T00:00:00Z,76,76,0
Xinjiang,Mainland China,41.1129,85.2401,2020-03-03T00:00:00Z,76,76,0
Inner Mongolia,Mainland China,44.0935,113.9448,2020-01-23T00:00:00Z,0,0,0
Inner Mongolia,Mainland China,44.0935,113.9448,2020-01-24T00:00:00Z,1,0,1
Inner Mongolia,Mainland China,44.0935,113.9448,2020-01-25T00:00:00Z,7,1,6
Inner Mongolia,Mainland China,44.0935,113.9448,2020-01-26T00:00:00Z,7,7,0
Inner Mongolia,Mainland China,44.0935,113.9448,2020-01-27T00:00:00Z,11,7,4
Inner Mongolia,Mainland China,44.0935,113.9448,2020-01-28T00:00:00Z,15,11,4
Inner Mongolia,Mainland China,44.0935,113.9448,2020-01-29T00:00:00Z,16,15,1
Inner Mongolia,Mainland China,44.0935,113.9448,2020-01-30T00:00:00Z,19,16,3
Inner Mongolia,Mainland China,44.0935,113.9448,2020-01-31T00:00:00Z,20,19,1
Inner Mongolia,Mainland China,44.0935,113.9448,2020-02-01T00:00:00Z,23,20,3
Inner Mongolia,Mainland China,44.0935,113.9448,2020-02-02T00:00:00Z,27,23,4
Inner Mongolia,Mainland China,44.0935,113.9448,2020-02-03T00:00:00Z,34,27,7
Inner Mongolia,Mainland China,44.0935,113.9448,2020-02-04T00:00:00Z,35,34,1
Inner Mongolia,Mainland China,44.0935,113.9448,2020-02-05T00:00:00Z,42,35,7
Inner Mongolia,Mainland China,44.0935,113.9448,2020-02-06T00:00:00Z,46,42,4
Inner Mongolia,Mainland China,44.0935,113.9448,2020-02-07T00:00:00Z,50,46,4
Inner Mongolia,Mainland China,44.0935,113.9448,2020-02-08T00:00:00Z,52,50,2
Inner Mongolia,Mainland China,44.0935,113.9448,2020-02-09T00:00:00Z,54,52,2
Inner Mongolia,Mainland China,44.0935,113.9448,2020-02-10T00:00:00Z,58,54,4
Inner Mongolia,Mainland China,44.0935,113.9448,2020-02-11T00:00:00Z,58,58,0
Inner Mongolia,Mainland China,44.0935,113.9448,2020-02-12T00:00:00Z,60,58,2
Inner Mongolia,Mainland China,44.0935,113.9448,2020-02-13T00:00:00Z,61,60,1
Inner Mongolia,Mainland China,44.0935,113.9448,2020-02-14T00:00:00Z,65,61,4
Inner Mongolia,Mainland China,44.0935,113.9448,2020-02-15T00:00:00Z,68,65,3
Inner Mongolia,Mainland China,44.0935,113.9448,2020-02-16T00:00:00Z,70,68,2
Inner Mongolia,Mainland China,44.0935,113.9448,2020-02-17T00:00:00Z,72,70,2
Inner Mongolia,Mainland China,44.0935,113.9448,2020-02-18T00:00:00Z,73,72,1
Inner Mongolia,Mainland China,44.0935,113.9448,2020-02-19T00:00:00Z,75,73,2
Inner Mongolia,Mainland China,44.0935,113.9448,2020-02-20T00:00:00Z,75,75,0
Inner Mongolia,Mainland China,44.0935,113.9448,2020-02-21T00:00:00Z,75,75,0
Inner Mongolia,Mainland China,44.0935,113.9448,2020-02-22T00:00:00Z,75,75,0
Inner Mongolia,Mainland China,44.0935,113.9448,2020-02-23T00:00:00Z,75,75,0
Inner Mongolia,Mainland China,44.0935,113.9448,2020-02-24T00:00:00Z,75,75,0
Inner Mongolia,Mainland China,44.0935,113.9448,2020-02-25T00:00:00Z,75,75,0
Inner Mongolia,Mainland China,44.0935,113.9448,2020-02-26T00:00:00Z,75,75,0
Inner Mongolia,Mainland China,44.0935,113.9448,2020-02-27T00:00:00Z,75,75,0
Inner Mongolia,Mainland China,44.0935,113.9448,2020-02-28T00:00:00Z,75,75,0
Inner Mongolia,Mainland China,44.0935,113.9448,2020-02-29T00:00:00Z,75,75,0
Inner Mongolia,Mainland China,44.0935,113.9448,2020-03-01T00:00:00Z,75,75,0
Inner Mongolia,Mainland China,44.0935,113.9448,2020-03-02T00:00:00Z,75,75,0
Inner Mongolia,Mainland China,44.0935,113.9448,2020-03-03T00:00:00Z,75,75,0
Ningxia,Mainland China,37.2692,106.1655,2020-01-23T00:00:00Z,1,1,0
Ningxia,Mainland China,37.2692,106.1655,2020-01-24T00:00:00Z,2,1,1
Ningxia,Mainland China,37.2692,106.1655,2020-01-25T00:00:00Z,3,2,1
Ningxia,Mainland China,37.2692,106.1655,2020-01-26T00:00:00Z,4,3,1
Ningxia,Mainland China,37.2692,106.1655,2020-01-27T00:00:00Z,7,4,3
Ningxia,Mainland China,37.2692,106.1655,2020-01-28T00:00:00Z,11,7,4
Ningxia,Mainland China,37.2692,106.1655,2020-01-29T00:00:00Z,12,11,1
Ningxia,Mainland China,37.2692,106.1655,2020-01-30T00:00:00Z,17,12,5
Ningxia,Mainland China,37.2692,106.1655,2020-01-31T00:00:00Z,21,17,4
Ningxia,Mainland China,37.2692,106.1655,2020-02-01T00:00:00Z,26,21,5
Ningxia,Mainland China,37.2692,106.1655,2020-02-02T00:00:00Z,28,26,2
Ningxia,Mainland China,37.2692,106.1655,2020-02-03T00:00:00Z,31,28,3
Ningxia,Mainland China,37.2692,106.1655,2020-02-04T00:00:00Z,34,31,3
Ningxia,Mainland China,37.2692,106.1655,2020-02-05T00:00:00Z,34,34,0
Ningxia,Mainland China,37.2692,106.1655,2020-02-06T00:00:00Z,40,34,6
Ningxia,Mainland China,37.2692,106.1655,2020-02-07T00:00:00Z,43,40,3
Ningxia,Mainland China,37.2692,106.1655,2020-02-08T00:00:00Z,45,43,2
Ningxia,Mainland China,37.2692,106.1655,2020-02-09T00:00:00Z,45,45,0
Ningxia,Mainland China,37.2692,106.1655,2020-02-10T00:00:00Z,49,45,4
Ningxia,Mainland China,37.2692,106.1655,2020-02-11T00:00:00Z,53,49,4
Ningxia,Mainland China,37.2692,106.1655,2020-02-12T00:00:00Z,58,53,5
Ningxia,Mainland China,37.2692,106.1655,2020-02-13T00:00:00Z,64,58,6
Ningxia,Mainland China,37.2692,106.1655,2020-02-14T00:00:00Z,67,64,3
Ningxia,Mainland China,37.2692,106.1655,2020-02-15T00:00:00Z,70,67,3
Ningxia,Mainland China,37.2692,106.1655,2020-02-16T00:00:00Z,70,70,0
Ningxia,Mainland China,37.2692,106.1655,2020-02-17T00:00:00Z,70,70,0
Ningxia,Mainland China,37.2692,106.1655,2020-02-18T00:00:00Z,70,70,0
Ningxia,Mainland China,37.2692,106.1655,2020-02-19T00:00:00Z,71,70,1
Ningxia,Mainland China,37.2692,106.1655,2020-02-20T00:00:00Z,71,71,0
Ningxia,Mainland China,37.2692,106.1655,2020-02-21T00:00:00Z,71,71,0
Ningxia,Mainland China,37.2692,106.1655,2020-02-22T00:00:00Z,71,71,0
Ningxia,Mainland China,37.2692,106.1655,2020-02-23T00:00:00Z,71,71,0
Ningxia,Mainland China,37.2692,106.1655,2020-02-24T00:00:00Z,71,71,0
Ningxia,Mainland China,37.2692,106.1655,2020-02-25T00:00:00Z,71,71,0
Ningxia,Mainland China,37.2692,106.1655,2020-02-26T00:00:00Z,71,71,0
Ningxia,Mainland China,37.2692,106.1655,2020-02-27T00:00:00Z,72,71,1
Ningxia,Mainland China,37.2692,106.1655,2020-02-28T00:00:00Z,72,72,0
Ningxia,Mainland China,37.2692,106.1655,2020-02-29T00:00:00Z,73,72,1
Ningxia,Mainland China,37.2692,106.1655,2020-03-01T00:00:00Z,73,73,0
Ningxia,Mainland China,37.2692,106.1655,2020-03-02T00:00:00Z,74,73,1
Ningxia,Mainland China,37.2692,106.1655,2020-03-03T00:00:00Z,74,74,0
Qinghai,Mainland China,35.7452,95.9956,2020-01-23T00:00:00Z,0,0,0
Qinghai,Mainland China,35.7452,95.9956,2020-01-24T00:00:00Z,0,0,0
Qinghai,Mainland China,35.7452,95.9956,2020-01-25T00:00:00Z,1,0,1
Qinghai,Mainland China,35.7452,95.9956,2020-01-26T00:00:00Z,1,1,0
Qinghai,Mainland China,35.7452,95.9956,2020-01-27T00:00:00Z,6,1,5
Qinghai,Mainland China,35.7452,95.9956,2020-01-28T00:00:00Z,6,6,0
Qinghai,Mainland China,35.7452,95.9956,2020-01-29T00:00:00Z,6,6,0
Qinghai,Mainland China,35.7452,95.9956,2020-01-30T00:00:00Z,8,6,2
Qinghai,Mainland China,35.7452,95.9956,2020-01-31T00:00:00Z,8,8,0
Qinghai,Mainland China,35.7452,95.9956,2020-02-01T00:00:00Z,9,8,1
Qinghai,Mainland China,35.7452,95.9956,2020-02-02T00:00:00Z,11,9,2
Qinghai,Mainland China,35.7452,95.9956,2020-02-03T00:00:00Z,13,11,2
Qinghai,Mainland China,35.7452,95.9956,2020-02-04T00:00:00Z,15,13,2
Qinghai,Mainland China,35.7452,95.9956,2020-02-05T00:00:00Z,17,15,2
Qinghai,Mainland China,35.7452,95.9956,2020-02-06T00:00:00Z,18,17,1
Qinghai,Mainland China,35.7452,95.9956,2020-02-07T00:00:00Z,18,18,0
Qinghai,Mainland China,35.7452,95.9956,2020-02-08T00:00:00Z,18,18,0
Qinghai,Mainland China,35.7452,95.9956,2020-02-09T00:00:00Z,18,18,0
Qinghai,Mainland China,35.7452,95.9956,2020-02-10T00:00:00Z,18,18,0
Qinghai,Mainland China,35.7452,95.9956,2020-02-11T00:00:00Z,18,18,0
Qinghai,Mainland China,35.7452,95.9956,2020-02-12T00:00:00Z,18,18,0
Qinghai,Mainland China,35.7452,95.9956,2020-02-13T00:00:00Z,18,18,0
Qinghai,Mainland China,35.7452,95.9956,2020-02-14T00:00:00Z,18,18,0
Qinghai,Mainland China,35.7452,95.9956,2020-02-15T00:00:00Z,18,18,0
Qinghai,Mainland China,35.7452,95.9956,2020-02-16T00:00:00Z,18,18,0
Qinghai,Mainland China,35.7452,95.9956,2020-02-17T00:00:00Z,18,18,0
Qinghai,Mainland China,35.7452,95.9956,2020-02-18T00:00:00Z,18,18,0
Qinghai,Mainland China,35.7452,95.9956,2020-02-19T00:00:00Z,18,18,0
Qinghai,Mainland China,35.7452,95.9956,2020-02-20T00:00:00Z,18,18,0
Qinghai,Mainland China,35.7452,95.9956,2020-02-21T00:00:00Z,18,18,0
Qinghai,Mainland China,35.7452,95.9956,2020-02-22T00:00:00Z,18,18,0
Qinghai,Mainland China,35.7452,95.9956,2020-02-23T00:00:00Z,18,18,0
Qinghai,Mainland China,35.7452,95.9956,2020-02-24T00:00:00Z,18,18,0
Qinghai,Mainland China,35.7452,95.9956,2020-02-25T00:00:00Z,18,18,0
Qinghai,Mainland China,35.7452,95.9956,2020-02-26T00:00:00Z,18,18,0
Qinghai,Mainland China,35.7452,95.9956,2020-02-27T00:00:00Z,18,18,0
Qinghai,Mainland China,35.7452,95.9956,2020-02-28T00:00:00Z,18,18,0
Qinghai,Mainland China,35.7452,95.9956,2020-02-29T00:00:00Z,18,18,0
Qinghai,Mainland China,35.7452,95.9956,2020-03-01T00:00:00Z,18,18,0
Qinghai,Mainland China,35.7452,95.9956,2020-03-02T00:00:00Z,18,18,0
Qinghai,Mainland China,35.7452,95.9956,2020-03-03T00:00:00Z,18,18,0
